,training_grid,testing_grid,cycles,path_lengths,degree,nrmse_arma,nrmse_range,nrmse_mean,nrmse_std,best_val_loss,train_time,total_epochs
0,1-LV-rural1--1-no_sw,1-LV-rural2--1-no_sw,False,False,False,1.8397904936472576,0.0067557065499325,-0.0070375698742767,0.0682983311017354,0.0,0.0,0
1,1-LV-rural1--1-no_sw,1-LV-rural2--1-no_sw,True,True,False,9.47748566945394,0.0771029508113861,-0.080902941028277,0.7192753489812215,0.0,0.0,0
2,1-LV-rural1--1-no_sw,1-LV-rural2--1-no_sw,True,False,False,11.00380126953125,0.0738572454452514,-0.0775188480814298,0.6900103433926901,0.0,0.0,0
3,1-LV-rural1--1-no_sw,1-LV-rural2--1-no_sw,False,True,False,12.290414861043294,0.0788197127978007,-0.0842789949973424,0.7714358321825663,0.0,0.0,0
4,1-LV-rural1--1-no_sw,1-LV-rural3--1-no_sw,False,False,False,1.0138696082433063,0.0065981777819494,-0.0067558182589709,0.0755540244777997,0.0,0.0,0
5,1-LV-rural1--1-no_sw,1-LV-rural3--1-no_sw,True,True,False,1.550886697769165,0.0064051773833731,-0.0065409792897601,0.0731805262962977,0.0,0.0,0
6,1-LV-rural1--1-no_sw,1-LV-rural3--1-no_sw,True,False,False,1.5004083283742269,0.0129689081137379,-0.0140801361451546,0.1568246138095855,0.0,0.0,0
7,1-LV-rural1--1-no_sw,1-LV-rural3--1-no_sw,False,True,False,1.9048195679982505,0.0044124121156831,-0.0045206423848867,0.0504316300153732,0.0,0.0,0
8,1-LV-rural1--1-no_sw,1-LV-semiurb4--1-no_sw,False,False,False,6.456868762969971,0.1168317887187004,-0.1243402938048044,0.7412905589739481,0.0,0.0,0
9,1-LV-rural1--1-no_sw,1-LV-semiurb4--1-no_sw,True,True,False,5.068930880228678,0.0993077111244201,-0.1054733858505884,0.6405596915880839,0.0,0.0,0
10,1-LV-rural1--1-no_sw,1-LV-semiurb4--1-no_sw,True,False,False,0.7114490699768067,0.0040520257006088,-0.0042036160081624,0.0273027641326189,0.0,0.0,0
11,1-LV-rural1--1-no_sw,1-LV-semiurb4--1-no_sw,False,True,False,5.374533042907715,0.1252372302611669,-0.1325352547566096,0.7839099065462748,0.0,0.0,0
12,1-LV-rural1--1-no_sw,1-LV-semiurb5--1-no_sw,False,False,False,2.7103782939910888,0.0740213407079378,-0.0767490951220194,0.7342507410049438,0.0,0.0,0
13,1-LV-rural1--1-no_sw,1-LV-semiurb5--1-no_sw,True,True,False,5.697589734395345,0.069949413438638,-0.0731053521235784,0.6990976270039876,0.0,0.0,0
14,1-LV-rural1--1-no_sw,1-LV-semiurb5--1-no_sw,True,False,False,2.543765687942505,0.0774267648657163,-0.0800774278243382,0.7645741502443949,0.0,0.0,0
15,1-LV-rural1--1-no_sw,1-LV-semiurb5--1-no_sw,False,True,False,7.604691410064698,0.0081049090748031,-0.0083878908803065,0.0856508425871531,0.0,0.0,0
16,1-LV-rural1--1-no_sw,1-LV-urban6--1-no_sw,False,False,False,1.0088515583674114,0.0070872139806548,-0.0074419396246473,0.0561273621519406,0.0,0.0,0
17,1-LV-rural1--1-no_sw,1-LV-urban6--1-no_sw,True,True,False,1.8815647157033284,0.0329091860353946,-0.0340982300043106,0.2554748932520548,0.0,0.0,0
18,1-LV-rural1--1-no_sw,1-LV-urban6--1-no_sw,True,False,False,0.7844818576176962,0.00187535616414,-0.0019339805127431,0.014589834883809,0.0,0.0,0
19,1-LV-rural1--1-no_sw,1-LV-urban6--1-no_sw,False,True,False,2.0430693753560383,0.0316016560792923,-0.0336430003245671,0.2523312441507975,0.0,0.0,0
20,1-LV-rural1--1-no_sw,1-MV-comm--1-no_sw,False,False,False,1.860060601234436,0.0494634612898031,-0.059001038322846,0.5287969144185384,0.0,0.0,0
21,1-LV-rural1--1-no_sw,1-MV-comm--1-no_sw,True,True,False,10.19277749379476,0.0271062726775805,-0.0325241489211718,0.2968088833491007,0.0,0.0,0
22,1-LV-rural1--1-no_sw,1-MV-comm--1-no_sw,True,False,False,8.575565605163574,0.0449023435016473,-0.0678184014558792,0.5913845300674438,0.0,0.0,0
23,1-LV-rural1--1-no_sw,1-MV-comm--1-no_sw,False,True,False,3.2056910864512127,0.0723679359753926,-0.0856566246350606,0.7352236342430115,0.0,0.0,0
24,1-LV-rural1--1-no_sw,1-MV-rural--1-no_sw,False,False,False,1.2446629095077515,0.0270291255166133,-0.0284922395646572,0.2674945453802744,0.0,0.0,0
25,1-LV-rural1--1-no_sw,1-MV-rural--1-no_sw,True,True,False,4.150468756357829,0.017962114115556,-0.0191481864204009,0.1799564325809478,0.0,0.0,0
26,1-LV-rural1--1-no_sw,1-MV-rural--1-no_sw,True,False,False,15.305346921284992,0.0526086441179116,-0.0572918361425399,0.5228249152501424,0.0,0.0,0
27,1-LV-rural1--1-no_sw,1-MV-rural--1-no_sw,False,True,False,1.1625034554799398,0.06709426065286,-0.0750526973605155,0.6667697469393412,0.0,0.0,0
28,1-LV-rural1--1-no_sw,1-MV-semiurb--1-no_sw,False,False,False,5.385493659973145,0.071185698111852,-0.0808216492335001,0.7344150424003602,0.0,0.0,0
29,1-LV-rural1--1-no_sw,1-MV-semiurb--1-no_sw,True,True,False,4.44469539642334,0.0761347980300585,-0.0860391307870547,0.8168633079528809,0.0,0.0,0
30,1-LV-rural1--1-no_sw,1-MV-semiurb--1-no_sw,True,False,False,2.8727736854553223,0.0636893719434738,-0.0717815466721852,0.6737720839182536,0.0,0.0,0
31,1-LV-rural1--1-no_sw,1-MV-semiurb--1-no_sw,False,True,False,3.3257678286234538,0.0642097535729408,-0.0753985906640688,0.6819083873430888,0.0,0.0,0
32,1-LV-rural1--1-no_sw,1-MV-urban--1-no_sw,False,False,False,2.4484547646840413,0.0476776828368504,-0.0548951929310957,0.5679040638605753,0.0,0.0,0
33,1-LV-rural1--1-no_sw,1-MV-urban--1-no_sw,True,True,False,5.981281000773112,0.0517969926695028,-0.0603597552080949,0.6420218849182129,0.0,0.0,0
34,1-LV-rural1--1-no_sw,1-MV-urban--1-no_sw,True,False,False,3.4845611985524494,0.0441332982977231,-0.0495253875851631,0.5346815427144368,0.0,0.0,0
35,1-LV-rural1--1-no_sw,1-MV-urban--1-no_sw,False,True,False,3.205955177942912,0.0384227166076501,-0.0435574487348397,0.4599068033695221,0.0,0.0,0
36,1-LV-rural2--1-no_sw,1-LV-rural1--1-no_sw,False,False,False,20.11184366861979,0.1858866564432779,-0.2122416508197784,0.7225410517056783,0.0,0.0,0
37,1-LV-rural2--1-no_sw,1-LV-rural1--1-no_sw,True,True,False,10.254661725362142,0.0266006091733773,-0.0291053967674573,0.1070785133043925,0.0,0.0,0
38,1-LV-rural2--1-no_sw,1-LV-rural1--1-no_sw,True,False,False,25.226605656941732,0.1186723216374715,-0.1362354908386866,0.4823348442713419,0.0,0.0,0
39,1-LV-rural2--1-no_sw,1-LV-rural1--1-no_sw,False,True,False,2.299812068939209,0.0980936620632807,-0.1286014920473098,0.4635830744107564,0.0,0.0,0
40,1-LV-rural2--1-no_sw,1-LV-rural3--1-no_sw,False,False,False,0.5584614340464275,0.0070317958978315,-0.0072643054276704,0.0814338216185569,0.0,0.0,0
41,1-LV-rural2--1-no_sw,1-LV-rural3--1-no_sw,True,True,False,0.6912762451171875,0.0130766677359739,-0.013368101666371,0.1495819137493769,0.0,0.0,0
42,1-LV-rural2--1-no_sw,1-LV-rural3--1-no_sw,True,False,False,1.1205271768569949,0.0514835105836391,-0.0529387723406155,0.568441313902537,0.0,0.0,0
43,1-LV-rural2--1-no_sw,1-LV-rural3--1-no_sw,False,True,False,2.516755463282267,0.0159847545375426,-0.016337425087889,0.1821766843398412,0.0,0.0,0
44,1-LV-rural2--1-no_sw,1-LV-semiurb4--1-no_sw,False,False,False,2.502639904022217,0.0156183902795116,-0.0162944437315066,0.1051914828022321,0.0,0.0,0
45,1-LV-rural2--1-no_sw,1-LV-semiurb4--1-no_sw,True,True,False,2.7003500779469807,0.0516456797719001,-0.0623384829858938,0.3955385188261668,0.0,0.0,0
46,1-LV-rural2--1-no_sw,1-LV-semiurb4--1-no_sw,True,False,False,0.9862554836273192,0.0205417475601037,-0.0213655184457699,0.1382973333199819,0.0,0.0,0
47,1-LV-rural2--1-no_sw,1-LV-semiurb4--1-no_sw,False,True,False,0.5033968075116475,0.0027040223435809,-0.0028187999626,0.0183089698354403,0.0,0.0,0
48,1-LV-rural2--1-no_sw,1-LV-semiurb5--1-no_sw,False,False,False,0.934825251897176,0.0213655000180006,-0.0219219759354988,0.2259283411502838,0.0,0.0,0
49,1-LV-rural2--1-no_sw,1-LV-semiurb5--1-no_sw,True,True,False,1.3623721075057984,0.0222173428783814,-0.0228221690654754,0.2351111561059951,0.0,0.0,0
50,1-LV-rural2--1-no_sw,1-LV-semiurb5--1-no_sw,True,False,False,4.252201029459635,0.0746673195560773,-0.0776107127467791,0.7400602841377258,0.0,0.0,0
51,1-LV-rural2--1-no_sw,1-LV-semiurb5--1-no_sw,False,True,False,0.8955011185010274,0.0075091418996453,-0.0077043404988944,0.0797768647472063,0.0,0.0,0
52,1-LV-rural2--1-no_sw,1-LV-urban6--1-no_sw,False,False,False,0.6646002197265625,0.0038125290504346,-0.0039401593866447,0.029719855338335,0.0,0.0,0
53,1-LV-rural2--1-no_sw,1-LV-urban6--1-no_sw,True,True,False,0.80632998863856,0.0042187332175672,-0.0044057707053919,0.033221490184466,0.0,0.0,0
54,1-LV-rural2--1-no_sw,1-LV-urban6--1-no_sw,True,False,False,2.4640460300445555,0.0435121115048726,-0.052168371528387,0.384575525522232,0.0,0.0,0
55,1-LV-rural2--1-no_sw,1-LV-urban6--1-no_sw,False,True,False,0.5572308468818664,0.0151491810629765,-0.0160792576273282,0.1211528502901395,0.0,0.0,0
56,1-LV-rural2--1-no_sw,1-MV-comm--1-no_sw,False,False,False,1.6428270053863523,0.0198806979507207,-0.0243283729006846,0.2240895865360895,0.0,0.0,0
57,1-LV-rural2--1-no_sw,1-MV-comm--1-no_sw,True,True,False,9.862523867289225,0.0368300645550092,-0.0451607456306616,0.4072587561607361,0.0,0.0,0
58,1-LV-rural2--1-no_sw,1-MV-comm--1-no_sw,True,False,False,5.729155019124349,0.0514452649652957,-0.0632827148834864,0.5591684834162394,0.0,0.0,0
59,1-LV-rural2--1-no_sw,1-MV-comm--1-no_sw,False,True,False,3.1479283237457274,0.0694151630004247,-0.0862728469570477,0.740480923652649,0.0,0.0,0
60,1-LV-rural2--1-no_sw,1-MV-rural--1-no_sw,False,False,False,3.548795986175537,0.0574327027797699,-0.0615873781840006,0.5564099971453349,0.0,0.0,0
61,1-LV-rural2--1-no_sw,1-MV-rural--1-no_sw,True,True,False,1.7088216574986776,0.0704863010843594,-0.0750924745202064,0.6692072542508444,0.0,0.0,0
62,1-LV-rural2--1-no_sw,1-MV-rural--1-no_sw,True,False,False,12.997730573018393,0.0707396054267883,-0.0780677701036135,0.6845414892832438,0.0,0.0,0
63,1-LV-rural2--1-no_sw,1-MV-rural--1-no_sw,False,True,False,1.434870147705078,0.0716226530075073,-0.076185837884744,0.6772708129882813,0.0,0.0,0
64,1-LV-rural2--1-no_sw,1-MV-semiurb--1-no_sw,False,False,False,5.252490622202555,0.0387927424907684,-0.0549969530602296,0.5082385238011679,0.0,0.0,0
65,1-LV-rural2--1-no_sw,1-MV-semiurb--1-no_sw,True,True,False,11.539616635640462,0.069384913444519,-0.0810094415148099,0.7327002374331156,0.0,0.0,0
66,1-LV-rural2--1-no_sw,1-MV-semiurb--1-no_sw,True,False,False,4.700902214050293,0.0891536758343378,-0.119138476451238,1.0838645633061728,0.0,0.0,0
67,1-LV-rural2--1-no_sw,1-MV-semiurb--1-no_sw,False,True,False,4.977445481618245,0.059143825918436,-0.0677337542176246,0.6299357040723165,0.0,0.0,0
68,1-LV-rural2--1-no_sw,1-MV-urban--1-no_sw,False,False,False,6.773338705698649,0.067706505159537,-0.0792730471491813,0.7861217204729716,0.0,0.0,0
69,1-LV-rural2--1-no_sw,1-MV-urban--1-no_sw,True,True,False,12.016301472981771,0.0517582366863886,-0.0602300867438316,0.6182998220125834,0.0,0.0,0
70,1-LV-rural2--1-no_sw,1-MV-urban--1-no_sw,True,False,False,5.335340817769368,0.0341039884587128,-0.0418973051011562,0.4424950536092122,0.0,0.0,0
71,1-LV-rural2--1-no_sw,1-MV-urban--1-no_sw,False,True,False,1.572483205795288,0.0248345260570446,-0.0287221882243951,0.311552308400472,0.0,0.0,0
72,1-LV-rural3--1-no_sw,1-LV-rural1--1-no_sw,False,False,False,2.3630482228597005,0.0175990113367637,-0.0197288230806589,0.0729441149036089,0.0,0.0,0
73,1-LV-rural3--1-no_sw,1-LV-rural1--1-no_sw,True,True,False,9.841850967407227,0.0166818974415461,-0.0182661527146895,0.0672507504622141,0.0,0.0,0
74,1-LV-rural3--1-no_sw,1-LV-rural1--1-no_sw,True,False,False,2.7656847699483236,0.0360210116704305,-0.0418259828289349,0.1543553644418716,0.0,0.0,0
75,1-LV-rural3--1-no_sw,1-LV-rural1--1-no_sw,False,True,False,3.008776896794637,0.0105225127066175,-0.0114245102306207,0.0422688569625218,0.0,0.0,0
76,1-LV-rural3--1-no_sw,1-LV-rural2--1-no_sw,False,False,False,1.0282142607371012,0.009094804637134,-0.0093196035424868,0.0902981499830881,0.0,0.0,0
77,1-LV-rural3--1-no_sw,1-LV-rural2--1-no_sw,True,True,False,1.9253168884913128,0.0068142094587286,-0.0071746783765653,0.0694304915269215,0.0,0.0,0
78,1-LV-rural3--1-no_sw,1-LV-rural2--1-no_sw,True,False,False,0.6860356855392457,0.0036686312593519,-0.0037505481267968,0.0364058057963848,0.0,0.0,0
79,1-LV-rural3--1-no_sw,1-LV-rural2--1-no_sw,False,True,False,1.2065031798680623,0.0025375699717551,-0.0025967927680661,0.0251768629004557,0.0,0.0,0
80,1-LV-rural3--1-no_sw,1-LV-semiurb4--1-no_sw,False,False,False,0.7693918069203695,0.0042484812128047,-0.0044099412299692,0.0286250246564547,0.0,0.0,0
81,1-LV-rural3--1-no_sw,1-LV-semiurb4--1-no_sw,True,True,False,0.643737366994222,0.0088153933361172,-0.0091545255482196,0.0594312219321727,0.0,0.0,0
82,1-LV-rural3--1-no_sw,1-LV-semiurb4--1-no_sw,True,False,False,2.8067598724365235,0.0172154762099186,-0.0180853719264268,0.1166654849052429,0.0,0.0,0
83,1-LV-rural3--1-no_sw,1-LV-semiurb4--1-no_sw,False,True,False,1.107211643854777,0.0243692697336276,-0.0274729235470294,0.1773777647813161,0.0,0.0,0
84,1-LV-rural3--1-no_sw,1-LV-semiurb5--1-no_sw,False,False,False,3.918391761779785,0.0794885963201522,-0.0824360500772794,0.7812811470031739,0.0,0.0,0
85,1-LV-rural3--1-no_sw,1-LV-semiurb5--1-no_sw,True,True,False,0.7270583939552308,0.0057497597361604,-0.0059016993517676,0.0611655050516128,0.0,0.0,0
86,1-LV-rural3--1-no_sw,1-LV-semiurb5--1-no_sw,True,False,False,3.5654484748840334,0.0730055545767148,-0.0760468664765358,0.7263877137502035,0.0,0.0,0
87,1-LV-rural3--1-no_sw,1-LV-semiurb5--1-no_sw,False,True,False,0.875004092057546,0.0042599395662546,-0.0044390388329823,0.0460488381981849,0.0,0.0,0
88,1-LV-rural3--1-no_sw,1-LV-urban6--1-no_sw,False,False,False,0.8080553023020426,0.0036656726462145,-0.00378313879172,0.0285221393406391,0.0,0.0,0
89,1-LV-rural3--1-no_sw,1-LV-urban6--1-no_sw,True,True,False,0.8310792660713195,0.0058815863790611,-0.0060909648798406,0.0459071629742781,0.0,0.0,0
90,1-LV-rural3--1-no_sw,1-LV-urban6--1-no_sw,True,False,False,4.734140192667644,0.0789850600560506,-0.0830806043744087,0.5919024626413981,0.0,0.0,0
91,1-LV-rural3--1-no_sw,1-LV-urban6--1-no_sw,False,True,False,0.912678829828898,0.0051440176367759,-0.0053995362172524,0.0406713584562142,0.0,0.0,0
92,1-LV-rural3--1-no_sw,1-MV-comm--1-no_sw,False,False,False,1.3892801809310913,0.0165419745196898,-0.0192328734447558,0.1787152494986852,0.0,0.0,0
93,1-LV-rural3--1-no_sw,1-MV-comm--1-no_sw,True,True,False,8.125252062479655,0.0874691143631935,-0.1045255498091379,0.8849867765108744,0.0,0.0,0
94,1-LV-rural3--1-no_sw,1-MV-comm--1-no_sw,True,False,False,4.9140850448608395,0.0485905300080776,-0.0602150469024976,0.5373262604077657,0.0,0.0,0
95,1-LV-rural3--1-no_sw,1-MV-comm--1-no_sw,False,True,False,3.554730234146118,0.0686890766024589,-0.0883682590723037,0.7536707139015197,0.0,0.0,0
96,1-LV-rural3--1-no_sw,1-MV-rural--1-no_sw,False,False,False,1.7089935954411823,0.0135931837434569,-0.0146241045991579,0.1376306621233622,0.0,0.0,0
97,1-LV-rural3--1-no_sw,1-MV-rural--1-no_sw,True,True,False,2.956752758026123,0.0601342106362183,-0.0642813096443812,0.5803088649113973,0.0,0.0,0
98,1-LV-rural3--1-no_sw,1-MV-rural--1-no_sw,True,False,False,3.652696851094564,0.0865011778473854,-0.0930223526557286,0.8022939427693685,0.0,0.0,0
99,1-LV-rural3--1-no_sw,1-MV-rural--1-no_sw,False,True,False,1.407239451408386,0.0699137464165687,-0.0744755093256632,0.6642099682490031,0.0,0.0,0
100,1-LV-rural3--1-no_sw,1-MV-semiurb--1-no_sw,False,False,False,5.812082583109538,0.0444309717416763,-0.0513173992931842,0.4908188279469808,0.0,0.0,0
101,1-LV-rural3--1-no_sw,1-MV-semiurb--1-no_sw,True,True,False,6.410799910227458,0.0776920212308565,-0.0947236162424087,0.8919234124819437,0.0,0.0,0
102,1-LV-rural3--1-no_sw,1-MV-semiurb--1-no_sw,True,False,False,7.298888562520345,0.0413055517276128,-0.0478697740534941,0.4598106602827708,0.0,0.0,0
103,1-LV-rural3--1-no_sw,1-MV-semiurb--1-no_sw,False,True,False,2.126459493637085,0.0574895044167836,-0.0678787314891815,0.6347795867919922,0.0,0.0,0
104,1-LV-rural3--1-no_sw,1-MV-urban--1-no_sw,False,False,False,2.8308923053741455,0.0195780579994122,-0.023233833288153,0.2455963861942291,0.0,0.0,0
105,1-LV-rural3--1-no_sw,1-MV-urban--1-no_sw,True,True,False,16.173960927327474,0.0260875797768433,-0.0309968772530555,0.3282355602582296,0.0,0.0,0
106,1-LV-rural3--1-no_sw,1-MV-urban--1-no_sw,True,False,False,5.742639827728271,0.0435369339585304,-0.0544402489066123,0.5776584696769714,0.0,0.0,0
107,1-LV-rural3--1-no_sw,1-MV-urban--1-no_sw,False,True,False,3.9085958607991538,0.023551441480716,-0.0267226495593786,0.2887707960605621,0.0,0.0,0
108,1-LV-semiurb4--1-no_sw,1-LV-rural1--1-no_sw,False,False,False,0.9846796862284344,0.0019355332634101,-0.0020944177576651,0.0077662053704261,0.0,0.0,0
109,1-LV-semiurb4--1-no_sw,1-LV-rural1--1-no_sw,True,True,False,7.398814595540364,0.1303093075752258,-0.1452487228314082,0.5170143500963846,0.0,0.0,0
110,1-LV-semiurb4--1-no_sw,1-LV-rural1--1-no_sw,True,False,False,1.3052242263158162,0.0019763292092829,-0.0021379578796525,0.0079252406209707,0.0,0.0,0
111,1-LV-semiurb4--1-no_sw,1-LV-rural1--1-no_sw,False,True,False,12.384708112080892,0.1835530179738998,-0.2073139162858327,0.7117141350110372,0.0,0.0,0
112,1-LV-semiurb4--1-no_sw,1-LV-rural2--1-no_sw,False,False,False,0.4360073920090993,0.0046789351167778,-0.004776317179203,0.0464159049590428,0.0,0.0,0
113,1-LV-semiurb4--1-no_sw,1-LV-rural2--1-no_sw,True,True,False,3.1976733207702637,0.0073545254891117,-0.0077547552684942,0.0748779234290123,0.0,0.0,0
114,1-LV-semiurb4--1-no_sw,1-LV-rural2--1-no_sw,True,False,False,2.5215110683441164,0.0608065698047479,-0.0624657327930132,0.5793579284350078,0.0,0.0,0
115,1-LV-semiurb4--1-no_sw,1-LV-rural2--1-no_sw,False,True,False,2.3767369588216147,0.0031364999804645,-0.0032072525471448,0.0310496657341718,0.0,0.0,0
116,1-LV-semiurb4--1-no_sw,1-LV-rural3--1-no_sw,False,False,False,0.8487394038836161,0.0085507162784536,-0.0090455629055698,0.1012891258796056,0.0,0.0,0
117,1-LV-semiurb4--1-no_sw,1-LV-rural3--1-no_sw,True,True,False,0.6730304074287414,0.0055640075852473,-0.0056807733202974,0.0636244473357995,0.0,0.0,0
118,1-LV-semiurb4--1-no_sw,1-LV-rural3--1-no_sw,True,False,False,1.1864740784962973,0.0107392991582552,-0.0110016307110587,0.1228978710373242,0.0,0.0,0
119,1-LV-semiurb4--1-no_sw,1-LV-rural3--1-no_sw,False,True,False,0.6844724647204081,0.0050469196774065,-0.005152007335176,0.0577074822286764,0.0,0.0,0
120,1-LV-semiurb4--1-no_sw,1-LV-semiurb5--1-no_sw,False,False,False,2.1464888032277427,0.0654940459132194,-0.0678352559606234,0.6622219562530518,0.0,0.0,0
121,1-LV-semiurb4--1-no_sw,1-LV-semiurb5--1-no_sw,True,True,False,0.7898293264706929,0.0032063109924395,-0.0032857505263139,0.0340945359071095,0.0,0.0,0
122,1-LV-semiurb4--1-no_sw,1-LV-semiurb5--1-no_sw,True,False,False,0.5576942133903503,0.0043417657166719,-0.0044846384103099,0.046594573756059,0.0,0.0,0
123,1-LV-semiurb4--1-no_sw,1-LV-semiurb5--1-no_sw,False,True,False,1.0878118228912357,0.0072373351703087,-0.0074126922463377,0.0768638547261556,0.0,0.0,0
124,1-LV-semiurb4--1-no_sw,1-LV-urban6--1-no_sw,False,False,False,5.192766316731771,0.0106024619812766,-0.0110437786827484,0.0825056847929954,0.0,0.0,0
125,1-LV-semiurb4--1-no_sw,1-LV-urban6--1-no_sw,True,True,False,1.7218039337793989,0.005303315569957,-0.0054774511605501,0.0412494963904221,0.0,0.0,0
126,1-LV-semiurb4--1-no_sw,1-LV-urban6--1-no_sw,True,False,False,0.5556158574422201,0.0020548458304256,-0.0021224695195754,0.0160138237227996,0.0,0.0,0
127,1-LV-semiurb4--1-no_sw,1-LV-urban6--1-no_sw,False,True,False,6.218940798441569,0.0762385179599126,-0.08001881112655,0.5729328028361003,0.0,0.0,0
128,1-LV-semiurb4--1-no_sw,1-MV-comm--1-no_sw,False,False,False,2.9855050881703695,0.0433822203675905,-0.0507440977791945,0.4560969177881877,0.0,0.0,0
129,1-LV-semiurb4--1-no_sw,1-MV-comm--1-no_sw,True,True,False,5.108180255889892,0.0633176150918006,-0.0733415761590004,0.644595992565155,0.0,0.0,0
130,1-LV-semiurb4--1-no_sw,1-MV-comm--1-no_sw,True,False,False,9.363240483601889,0.0633574380477269,-0.0743101402123769,0.6493555196126302,0.0,0.0,0
131,1-LV-semiurb4--1-no_sw,1-MV-comm--1-no_sw,False,True,False,1.820874524116516,0.0166823894282182,-0.0196428753435611,0.1822628021240234,0.0,0.0,0
132,1-LV-semiurb4--1-no_sw,1-MV-rural--1-no_sw,False,False,False,1.3245659176508586,0.0776935882369677,-0.0822674348950386,0.725430022875468,0.0,0.0,0
133,1-LV-semiurb4--1-no_sw,1-MV-rural--1-no_sw,True,True,False,13.90783473968506,0.039719187815984,-0.0426830197374026,0.3952626518408457,0.0,0.0,0
134,1-LV-semiurb4--1-no_sw,1-MV-rural--1-no_sw,True,False,False,13.394946899414062,0.0999000830451647,-0.110918696920077,0.93839768409729,0.0,0.0,0
135,1-LV-semiurb4--1-no_sw,1-MV-rural--1-no_sw,False,True,False,1.589208927154541,0.0178065497924884,-0.0201874764263629,0.1897606333096822,0.0,0.0,0
136,1-LV-semiurb4--1-no_sw,1-MV-semiurb--1-no_sw,False,False,False,1.606464106241862,0.068587911427021,-0.0761756257216135,0.7062207714716593,0.0,0.0,0
137,1-LV-semiurb4--1-no_sw,1-MV-semiurb--1-no_sw,True,True,False,9.046106758117675,0.0468790023525555,-0.0533544617891311,0.511187223593394,0.0,0.0,0
138,1-LV-semiurb4--1-no_sw,1-MV-semiurb--1-no_sw,True,False,False,4.51042532602946,0.0377124641835689,-0.0473021711409092,0.4592218760649363,0.0,0.0,0
139,1-LV-semiurb4--1-no_sw,1-MV-semiurb--1-no_sw,False,True,False,1.9541757758458456,0.0786986530820528,-0.0883094492554664,0.79926526705424,0.0,0.0,0
140,1-LV-semiurb4--1-no_sw,1-MV-urban--1-no_sw,False,False,False,5.053324616750081,0.0621820875008901,-0.0694437179962794,0.7023608835538229,0.0,0.0,0
141,1-LV-semiurb4--1-no_sw,1-MV-urban--1-no_sw,True,True,False,14.294232737223307,0.0440120876332124,-0.0622040230035781,0.6376178169250488,0.0,0.0,0
142,1-LV-semiurb4--1-no_sw,1-MV-urban--1-no_sw,True,False,False,7.369446131388346,0.0225865238159894,-0.0263647938519716,0.2844399627049764,0.0,0.0,0
143,1-LV-semiurb4--1-no_sw,1-MV-urban--1-no_sw,False,True,False,2.6951027870178224,0.0455870788792769,-0.0505830904344717,0.5331627098719279,0.0,0.0,0
144,1-LV-semiurb5--1-no_sw,1-LV-rural1--1-no_sw,False,False,False,12.8757692082723,0.1843172711133957,-0.2065330032507578,0.7131394942601522,0.0,0.0,0
145,1-LV-semiurb5--1-no_sw,1-LV-rural1--1-no_sw,True,True,False,8.250778554280599,0.1907749670743942,-0.214802534977595,0.7412394118309021,0.0,0.0,0
146,1-LV-semiurb5--1-no_sw,1-LV-rural1--1-no_sw,True,False,False,7.852102591196696,0.2078619732459386,-0.2328147276242574,0.7936595066388448,0.0,0.0,0
147,1-LV-semiurb5--1-no_sw,1-LV-rural1--1-no_sw,False,True,False,6.379407793680826,0.2289846018950144,-0.2577808181444804,0.8633369096120198,0.0,0.0,0
148,1-LV-semiurb5--1-no_sw,1-LV-rural2--1-no_sw,False,False,False,0.9220116146405538,0.0040431921804944,-0.0041335505619645,0.0401213412980238,0.0,0.0,0
149,1-LV-semiurb5--1-no_sw,1-LV-rural2--1-no_sw,True,True,False,1.4914327812194823,0.0100592655440171,-0.0108064117158452,0.1046008936564127,0.0,0.0,0
150,1-LV-semiurb5--1-no_sw,1-LV-rural2--1-no_sw,True,False,False,1.3328856484095255,0.01088126723965,-0.0117006887371341,0.113319182395935,0.0,0.0,0
151,1-LV-semiurb5--1-no_sw,1-LV-rural2--1-no_sw,False,True,False,11.914100392659504,0.0803809453050295,-0.0848490791519483,0.7452427848180135,0.0,0.0,0
152,1-LV-semiurb5--1-no_sw,1-LV-rural3--1-no_sw,False,False,False,1.5241150601704916,0.0064727103461821,-0.0066499241317311,0.0741199950377146,0.0,0.0,0
153,1-LV-semiurb5--1-no_sw,1-LV-rural3--1-no_sw,True,True,False,0.5342504930496216,0.006826853826642,-0.007014706476281,0.0785135066509246,0.0,0.0,0
154,1-LV-semiurb5--1-no_sw,1-LV-rural3--1-no_sw,True,False,False,3.679920886357625,0.0611308486262957,-0.0636003888646761,0.6634522986412048,0.0,0.0,0
155,1-LV-semiurb5--1-no_sw,1-LV-rural3--1-no_sw,False,True,False,0.5783448386192321,0.0069207058288156,-0.0073119955075283,0.0818112659454345,0.0,0.0,0
156,1-LV-semiurb5--1-no_sw,1-LV-semiurb4--1-no_sw,False,False,False,0.6468940552075704,0.0045706382580101,-0.0047919379050532,0.0311117446422576,0.0,0.0,0
157,1-LV-semiurb5--1-no_sw,1-LV-semiurb4--1-no_sw,True,True,False,0.7728459469477336,0.0094698400298754,-0.0098683888340989,0.0640309193730354,0.0,0.0,0
158,1-LV-semiurb5--1-no_sw,1-LV-semiurb4--1-no_sw,True,False,False,0.991418867111206,0.0197302999347448,-0.0218698322524627,0.1415095597505569,0.0,0.0,0
159,1-LV-semiurb5--1-no_sw,1-LV-semiurb4--1-no_sw,False,True,False,1.1879271697998046,0.0079918125520149,-0.0083052281662821,0.0538358288009961,0.0,0.0,0
160,1-LV-semiurb5--1-no_sw,1-LV-urban6--1-no_sw,False,False,False,0.5134410913785299,0.002979530148829,-0.0030764345421145,0.0231896640608708,0.0,0.0,0
161,1-LV-semiurb5--1-no_sw,1-LV-urban6--1-no_sw,True,True,False,1.3915045801798502,0.0028303256134192,-0.0029258822401364,0.0220109601318836,0.0,0.0,0
162,1-LV-semiurb5--1-no_sw,1-LV-urban6--1-no_sw,True,False,False,0.6839413817723592,0.0194416734327872,-0.0216280481467644,0.162406383951505,0.0,0.0,0
163,1-LV-semiurb5--1-no_sw,1-LV-urban6--1-no_sw,False,True,False,1.426020991007487,0.0195660205433766,-0.0201854000985622,0.1520940085252126,0.0,0.0,0
164,1-LV-semiurb5--1-no_sw,1-MV-comm--1-no_sw,False,False,False,2.503059174219767,0.035818637261788,-0.0503534868856271,0.4524428669611613,0.0,0.0,0
165,1-LV-semiurb5--1-no_sw,1-MV-comm--1-no_sw,True,True,False,7.534791495005289,0.0189938555657863,-0.0231683648129304,0.2128150788942973,0.0,0.0,0
166,1-LV-semiurb5--1-no_sw,1-MV-comm--1-no_sw,True,False,False,7.67949317296346,0.0495979814728101,-0.0641387703021367,0.5752744261423747,0.0,0.0,0
167,1-LV-semiurb5--1-no_sw,1-MV-comm--1-no_sw,False,True,False,3.3570628420511883,0.0188127134988705,-0.0234662300348281,0.2155134870608647,0.0,0.0,0
168,1-LV-semiurb5--1-no_sw,1-MV-rural--1-no_sw,False,False,False,1.1952382644017538,0.0626176084081331,-0.0669003876050313,0.60286936044693,0.0,0.0,0
169,1-LV-semiurb5--1-no_sw,1-MV-rural--1-no_sw,True,True,False,2.4542724482218423,0.041002313842376,-0.0437998514870802,0.4085309998194377,0.0,0.0,0
170,1-LV-semiurb5--1-no_sw,1-MV-rural--1-no_sw,True,False,False,12.372249921162924,0.0339217427869637,-0.0366083352267742,0.334722984234492,0.0,0.0,0
171,1-LV-semiurb5--1-no_sw,1-MV-rural--1-no_sw,False,True,False,1.0644677766164143,0.0222683039059241,-0.0237276741613944,0.2230366474390029,0.0,0.0,0
172,1-LV-semiurb5--1-no_sw,1-MV-semiurb--1-no_sw,False,False,False,2.135106862386068,0.0285350303103526,-0.0350854004919529,0.3384418419996897,0.0,0.0,0
173,1-LV-semiurb5--1-no_sw,1-MV-semiurb--1-no_sw,True,True,False,15.817902336120603,0.044037047624588,-0.0506090582410494,0.4841273427009582,0.0,0.0,0
174,1-LV-semiurb5--1-no_sw,1-MV-semiurb--1-no_sw,True,False,False,7.366032822926839,0.0677273480097452,-0.0785948835810025,0.7342522017161052,0.0,0.0,0
175,1-LV-semiurb5--1-no_sw,1-MV-semiurb--1-no_sw,False,True,False,4.070487928390503,0.0516986965139706,-0.0596029717723528,0.5640219910939535,0.0,0.0,0
176,1-LV-semiurb5--1-no_sw,1-MV-urban--1-no_sw,False,False,False,2.767574313481649,0.0203638938317696,-0.0228795346369346,0.2460852762063344,0.0,0.0,0
177,1-LV-semiurb5--1-no_sw,1-MV-urban--1-no_sw,True,True,False,3.393646764755249,0.0638551499446233,-0.0723436793684959,0.748706955909729,0.0,0.0,0
178,1-LV-semiurb5--1-no_sw,1-MV-urban--1-no_sw,True,False,False,9.550437253316243,0.0253920528044303,-0.0300288149466117,0.3191625014940897,0.0,0.0,0
179,1-LV-semiurb5--1-no_sw,1-MV-urban--1-no_sw,False,True,False,2.2578158060709637,0.0618181140224138,-0.0711915293335914,0.7227775096893311,0.0,0.0,0
180,1-LV-urban6--1-no_sw,1-LV-rural1--1-no_sw,False,False,False,27.185460713704423,0.1850573136409123,-0.3088082234064738,0.9768650285402932,0.0,0.0,0
181,1-LV-urban6--1-no_sw,1-LV-rural1--1-no_sw,True,True,False,7.687167599995931,0.1434351440270742,-0.1607104621330897,0.5711738467216492,0.0,0.0,0
182,1-LV-urban6--1-no_sw,1-LV-rural1--1-no_sw,True,False,False,2.0652302265167237,0.0028823222188899,-0.0031215583098431,0.0115651717906196,0.0,0.0,0
183,1-LV-urban6--1-no_sw,1-LV-rural1--1-no_sw,False,True,False,19.635428619384765,0.1879587121804555,-0.2141206697622935,0.7371360858281454,0.0,0.0,0
184,1-LV-urban6--1-no_sw,1-LV-rural2--1-no_sw,False,False,False,1.588045833905538,0.0109435611963272,-0.0117354016626874,0.1136136970917383,0.0,0.0,0
185,1-LV-urban6--1-no_sw,1-LV-rural2--1-no_sw,True,True,False,9.11852882385254,0.1214438393712043,-0.304282146692276,1.6511215496063232,0.0,0.0,0
186,1-LV-urban6--1-no_sw,1-LV-rural2--1-no_sw,True,False,False,6.225842253367106,0.0712690748771031,-0.0739523826042811,0.6695079215367635,0.0,0.0,0
187,1-LV-urban6--1-no_sw,1-LV-rural2--1-no_sw,False,True,False,5.265017439524333,0.0817628620068232,-0.0846465090910593,0.754736929734548,0.0,0.0,0
188,1-LV-urban6--1-no_sw,1-LV-rural3--1-no_sw,False,False,False,0.6194261860847473,0.0060177138882378,-0.0061776909107963,0.0692398644487063,0.0,0.0,0
189,1-LV-urban6--1-no_sw,1-LV-rural3--1-no_sw,True,True,False,1.1528774309158325,0.0049782504948476,-0.0051361956571539,0.057338244219621,0.0,0.0,0
190,1-LV-urban6--1-no_sw,1-LV-rural3--1-no_sw,True,False,False,0.7762768093744914,0.0066548033989965,-0.0069111206506689,0.0774320273598035,0.0,0.0,0
191,1-LV-urban6--1-no_sw,1-LV-rural3--1-no_sw,False,True,False,1.6654614845911662,0.0051124546304345,-0.0052264724175135,0.0583457059164842,0.0,0.0,0
192,1-LV-urban6--1-no_sw,1-LV-semiurb4--1-no_sw,False,False,False,2.536802415847778,0.0048115396996339,-0.0050167108078797,0.03241492887338,0.0,0.0,0
193,1-LV-urban6--1-no_sw,1-LV-semiurb4--1-no_sw,True,True,False,2.234635098775228,0.0139741416523853,-0.0151864832515517,0.0982691464821497,0.0,0.0,0
194,1-LV-urban6--1-no_sw,1-LV-semiurb4--1-no_sw,True,False,False,0.7311277524630229,0.0018375627277418,-0.0019052992823223,0.0123747934276858,0.0,0.0,0
195,1-LV-urban6--1-no_sw,1-LV-semiurb4--1-no_sw,False,True,False,0.7744830338160197,0.0256050045788288,-0.0289343712478876,0.1869103729724884,0.0,0.0,0
196,1-LV-urban6--1-no_sw,1-LV-semiurb5--1-no_sw,False,False,False,0.6183907294273376,0.0036447709333151,-0.0037411523517221,0.038861288378636,0.0,0.0,0
197,1-LV-urban6--1-no_sw,1-LV-semiurb5--1-no_sw,True,True,False,3.4999024200439455,0.0046340802746514,-0.0047581163483361,0.0490167921284834,0.0,0.0,0
198,1-LV-urban6--1-no_sw,1-LV-semiurb5--1-no_sw,True,False,False,0.4694844738642375,0.0040802412976821,-0.0041751197911798,0.0433656502266724,0.0,0.0,0
199,1-LV-urban6--1-no_sw,1-LV-semiurb5--1-no_sw,False,True,False,2.610130484898885,0.0027131859802951,-0.0027800255175679,0.0287366964419682,0.0,0.0,0
200,1-LV-urban6--1-no_sw,1-MV-comm--1-no_sw,False,False,False,1.1140964476267496,0.0593804930150508,-0.068855395913124,0.6086149303118388,0.0,0.0,0
201,1-LV-urban6--1-no_sw,1-MV-comm--1-no_sw,True,True,False,2.9201571146647134,0.0693270134925842,-0.0813575717806816,0.706257795492808,0.0,0.0,0
202,1-LV-urban6--1-no_sw,1-MV-comm--1-no_sw,True,False,False,7.459913603464762,0.0406063083807627,-0.0472307968139648,0.4346973880132039,0.0,0.0,0
203,1-LV-urban6--1-no_sw,1-MV-comm--1-no_sw,False,True,False,2.197636127471924,0.071256265938282,-0.0827757315834363,0.7143925110499064,0.0,0.0,0
204,1-LV-urban6--1-no_sw,1-MV-rural--1-no_sw,False,False,False,1.9031880696614585,0.0746983622511228,-0.0796693297227223,0.7023051563898722,0.0,0.0,0
205,1-LV-urban6--1-no_sw,1-MV-rural--1-no_sw,True,True,False,4.66969591140747,0.1117642776171366,-0.1233788384993871,1.058129955927531,0.0,0.0,0
206,1-LV-urban6--1-no_sw,1-MV-rural--1-no_sw,True,False,False,5.3992046546936034,0.0582175826529661,-0.0632282870014508,0.5784153254826864,0.0,0.0,0
207,1-LV-urban6--1-no_sw,1-MV-rural--1-no_sw,False,True,False,2.12579345703125,0.0133916927998264,-0.0146309440458814,0.1379100396235784,0.0,0.0,0
208,1-LV-urban6--1-no_sw,1-MV-semiurb--1-no_sw,False,False,False,0.9050283606847128,0.0226742620021104,-0.0275861917684475,0.2654521306355794,0.0,0.0,0
209,1-LV-urban6--1-no_sw,1-MV-semiurb--1-no_sw,True,True,False,12.635257670084636,0.0578057649731636,-0.0659598550200462,0.6296169328689575,0.0,0.0,0
210,1-LV-urban6--1-no_sw,1-MV-semiurb--1-no_sw,True,False,False,7.350306320190429,0.074782756169637,-0.0858646075924237,0.7792141127586365,0.0,0.0,0
211,1-LV-urban6--1-no_sw,1-MV-semiurb--1-no_sw,False,True,False,2.322038189570109,0.0462607124944527,-0.0523478064437707,0.5033410716056824,0.0,0.0,0
212,1-LV-urban6--1-no_sw,1-MV-urban--1-no_sw,False,False,False,3.51763783454895,0.0706009725729624,-0.0782971719900767,0.7835284431775411,0.0,0.0,0
213,1-LV-urban6--1-no_sw,1-MV-urban--1-no_sw,True,True,False,4.741323750813802,0.0900393032034238,-0.1049440038204193,1.049164449373881,0.0,0.0,0
214,1-LV-urban6--1-no_sw,1-MV-urban--1-no_sw,True,False,False,18.446089731852215,0.0237591782957315,-0.0272174757470687,0.2894125195344289,0.0,0.0,0
215,1-LV-urban6--1-no_sw,1-MV-urban--1-no_sw,False,True,False,1.911067837079366,0.0644377412398656,-0.0728197972973187,0.7316162697474162,0.0,0.0,0
216,1-MV-comm--1-no_sw,1-LV-rural1--1-no_sw,False,False,False,5.698886814117432,0.1532379136482874,-0.1730595262845357,0.6155945205688477,0.0,0.0,0
217,1-MV-comm--1-no_sw,1-LV-rural1--1-no_sw,True,True,False,10.270570653279622,0.1207023380200068,-0.1357754021883011,0.4837826681137085,0.0,0.0,0
218,1-MV-comm--1-no_sw,1-LV-rural1--1-no_sw,True,False,False,169.51957845052084,0.2384531106551488,-0.5306232857704163,1.262661008834839,0.0,0.0,0
219,1-MV-comm--1-no_sw,1-LV-rural1--1-no_sw,False,True,False,87.93484568277995,0.055718721995751,-0.0712777339418729,0.2415022989114125,0.0,0.0,0
220,1-MV-comm--1-no_sw,1-LV-rural2--1-no_sw,False,False,False,4.406218929290771,0.0629263064265251,-0.0652710377176602,0.5999025615056356,0.0,0.0,0
221,1-MV-comm--1-no_sw,1-LV-rural2--1-no_sw,True,True,False,9.810060183207192,0.04881161292394,-0.0513661942382653,0.477760773897171,0.0,0.0,0
222,1-MV-comm--1-no_sw,1-LV-rural2--1-no_sw,True,False,False,6.1066003481547035,0.021200972571969,-0.0218444732328256,0.2100206989049911,0.0,0.0,0
223,1-MV-comm--1-no_sw,1-LV-rural2--1-no_sw,False,True,False,10.350422579447429,0.0266122236847877,-0.0276619621366262,0.2629310015837351,0.0,0.0,0
224,1-MV-comm--1-no_sw,1-LV-rural3--1-no_sw,False,False,False,3.425271685918172,0.0628768302996953,-0.0651635814706484,0.6795958320299784,0.0,0.0,0
225,1-MV-comm--1-no_sw,1-LV-rural3--1-no_sw,True,True,False,2.1817142581939697,0.0502414217591285,-0.0519447243710358,0.5552922979990641,0.0,0.0,0
226,1-MV-comm--1-no_sw,1-LV-rural3--1-no_sw,True,False,False,4.619444637298584,0.0676357456048329,-0.0701702853043874,0.7249112216631571,0.0,0.0,0
227,1-MV-comm--1-no_sw,1-LV-rural3--1-no_sw,False,True,False,12.238836835225424,0.0617889494200547,-0.0663263623913129,0.667003664970398,0.0,0.0,0
228,1-MV-comm--1-no_sw,1-LV-semiurb4--1-no_sw,False,False,False,7.368136507670084,0.0387068666021029,-0.041136282334725,0.2603610555330912,0.0,0.0,0
229,1-MV-comm--1-no_sw,1-LV-semiurb4--1-no_sw,True,True,False,2.665383024215698,0.0324152325590451,-0.0340160471200942,0.2183116002877553,0.0,0.0,0
230,1-MV-comm--1-no_sw,1-LV-semiurb4--1-no_sw,True,False,False,4.519906101226806,0.0852547994256019,-0.090252858599027,0.5573182106018066,0.0,0.0,0
231,1-MV-comm--1-no_sw,1-LV-semiurb4--1-no_sw,False,True,False,170.92226135253907,0.1183322917421658,-0.2630539115269978,1.0265645011266074,0.0,0.0,0
232,1-MV-comm--1-no_sw,1-LV-semiurb5--1-no_sw,False,False,False,5.042679290771485,0.0085290824249386,-0.0092805132394035,0.0939731773734092,0.0,0.0,0
233,1-MV-comm--1-no_sw,1-LV-semiurb5--1-no_sw,True,True,False,8.301318728129068,0.0657583677768707,-0.0698597714304924,0.6640699474016826,0.0,0.0,0
234,1-MV-comm--1-no_sw,1-LV-semiurb5--1-no_sw,True,False,False,3.5423569679260254,0.0041834503536423,-0.0043549494817852,0.0444828621049722,0.0,0.0,0
235,1-MV-comm--1-no_sw,1-LV-semiurb5--1-no_sw,False,True,False,36.59563725789388,0.0556894846260547,-0.0930871986349423,0.7492463827133179,0.0,0.0,0
236,1-MV-comm--1-no_sw,1-LV-urban6--1-no_sw,False,False,False,2.436135180791219,0.1100204860170682,-0.1152930671970049,0.7933437983194987,0.0,0.0,0
237,1-MV-comm--1-no_sw,1-LV-urban6--1-no_sw,True,True,False,6.009625988006592,0.0057118447311222,-0.0060361640527844,0.0444507254660129,0.0,0.0,0
238,1-MV-comm--1-no_sw,1-LV-urban6--1-no_sw,True,False,False,7.4567746225992835,0.0733714044094085,-0.0778068089485168,0.5535164411862691,0.0,0.0,0
239,1-MV-comm--1-no_sw,1-LV-urban6--1-no_sw,False,True,False,2.888661880493164,0.0537151551246643,-0.0561399787167708,0.4109475866953532,0.0,0.0,0
240,1-MV-comm--1-no_sw,1-MV-rural--1-no_sw,False,False,False,1.446727425257365,0.0637700121601422,-0.0690286390980084,0.6105284674962361,0.0,0.0,0
241,1-MV-comm--1-no_sw,1-MV-rural--1-no_sw,True,True,False,1.04361732006073,0.0071364599900941,-0.0085835692410667,0.0750598202149073,0.0,0.0,0
242,1-MV-comm--1-no_sw,1-MV-rural--1-no_sw,True,False,False,1.498111515045166,0.0732558893163999,-0.0828150201837221,0.6966251866022746,0.0,0.0,0
243,1-MV-comm--1-no_sw,1-MV-rural--1-no_sw,False,True,False,0.8287117902437846,0.0043336299868921,-0.005079248715192,0.0450018601119518,0.0,0.0,0
244,1-MV-comm--1-no_sw,1-MV-semiurb--1-no_sw,False,False,False,1.1229816198349,0.0052251823991537,-0.0072031138837337,0.0617304954926172,0.0,0.0,0
245,1-MV-comm--1-no_sw,1-MV-semiurb--1-no_sw,True,True,False,1.7206351963678996,0.0079878263548016,-0.0109366468215982,0.0940106360117594,0.0,0.0,0
246,1-MV-comm--1-no_sw,1-MV-semiurb--1-no_sw,True,False,False,0.5718470342954,0.0070147738543649,-0.0094728428373734,0.0828171187639236,0.0,0.0,0
247,1-MV-comm--1-no_sw,1-MV-semiurb--1-no_sw,False,True,False,0.5717344824473063,0.0043484008312225,-0.0061220747977495,0.0520564437409242,0.0,0.0,0
248,1-MV-comm--1-no_sw,1-MV-urban--1-no_sw,False,False,False,1.131293643315633,0.0021376106577614,-0.0028524455210814,0.0274615764617919,0.0,0.0,0
249,1-MV-comm--1-no_sw,1-MV-urban--1-no_sw,True,True,False,1.021664772033691,0.0021782951398442,-0.0029015748295933,0.0278051460782686,0.0,0.0,0
250,1-MV-comm--1-no_sw,1-MV-urban--1-no_sw,True,False,False,0.98852205991745,0.0088166581218441,-0.0116724262510736,0.1123801835378011,0.0,0.0,0
251,1-MV-comm--1-no_sw,1-MV-urban--1-no_sw,False,True,False,1.4929565080006917,0.0022034544621904,-0.0029710425281276,0.0284105453391869,0.0,0.0,0
252,1-MV-rural--1-no_sw,1-LV-rural1--1-no_sw,False,False,False,304.983828125,0.1627627515792846,-0.3403346395492553,0.8021158281962076,0.0,0.0,0
253,1-MV-rural--1-no_sw,1-LV-rural1--1-no_sw,True,True,False,41.63904215494792,0.1025854219992955,-0.1535551546017328,0.4760369833310445,0.0,0.0,0
254,1-MV-rural--1-no_sw,1-LV-rural1--1-no_sw,True,False,False,15.479349708557129,0.3290710779031118,-0.3925397376219431,1.1934032328923545,0.0,0.0,0
255,1-MV-rural--1-no_sw,1-LV-rural1--1-no_sw,False,True,False,13.852653147379558,0.0725697427988052,-0.0804990607500076,0.2914122807979584,0.0,0.0,0
256,1-MV-rural--1-no_sw,1-LV-rural2--1-no_sw,False,False,False,4.397043215433756,0.0235454029093186,-0.0242782404522101,0.2326109234491984,0.0,0.0,0
257,1-MV-rural--1-no_sw,1-LV-rural2--1-no_sw,True,True,False,11.315539754231771,0.0050024167944987,-0.0052299127106865,0.0495874196290969,0.0,0.0,0
258,1-MV-rural--1-no_sw,1-LV-rural2--1-no_sw,True,False,False,8.247567545572917,0.0467324842015902,-0.0487096433341503,0.4530929772059123,0.0,0.0,0
259,1-MV-rural--1-no_sw,1-LV-rural2--1-no_sw,False,True,False,7.659038117726644,0.0357924947639306,-0.0370626633365949,0.3507790883382161,0.0,0.0,0
260,1-MV-rural--1-no_sw,1-LV-rural3--1-no_sw,False,False,False,6.995884157816569,0.0106333454698324,-0.0116604041308164,0.1268667099873225,0.0,0.0,0
261,1-MV-rural--1-no_sw,1-LV-rural3--1-no_sw,True,True,False,2.468595043818156,0.0593653456866741,-0.0609596826632817,0.644911101659139,0.0,0.0,0
262,1-MV-rural--1-no_sw,1-LV-rural3--1-no_sw,True,False,False,4.578656737009684,0.0387257309257984,-0.0401909177998701,0.434206907749176,0.0,0.0,0
263,1-MV-rural--1-no_sw,1-LV-rural3--1-no_sw,False,True,False,20.787872365315756,0.0120206530640522,-0.01333740858982,0.1374111197392145,0.0,0.0,0
264,1-MV-rural--1-no_sw,1-LV-semiurb4--1-no_sw,False,False,False,5.0815886815389,0.0937796275814374,-0.0989349547028541,0.6070096786816915,0.0,0.0,0
265,1-MV-rural--1-no_sw,1-LV-semiurb4--1-no_sw,True,True,False,3.3635899511973064,0.0076931536756455,-0.0080922311296065,0.0519554084539413,0.0,0.0,0
266,1-MV-rural--1-no_sw,1-LV-semiurb4--1-no_sw,True,False,False,176.14370279947917,0.0841190155347188,-0.1647907116015752,0.649818061987559,0.0,0.0,0
267,1-MV-rural--1-no_sw,1-LV-semiurb4--1-no_sw,False,True,False,41.34583302815755,0.0848939115802447,-0.1361539210875829,0.7249984312057495,0.0,0.0,0
268,1-MV-rural--1-no_sw,1-LV-semiurb5--1-no_sw,False,False,False,7.3392853291829425,0.0476210675140221,-0.0668626992901166,0.6361214939753215,0.0,0.0,0
269,1-MV-rural--1-no_sw,1-LV-semiurb5--1-no_sw,True,True,False,12.3328848139445,0.026554812764128,-0.0332707994679609,0.3214060278733571,0.0,0.0,0
270,1-MV-rural--1-no_sw,1-LV-semiurb5--1-no_sw,True,False,False,8.487068354288738,0.0772463033596674,-0.0821451922257741,0.7655512181917826,0.0,0.0,0
271,1-MV-rural--1-no_sw,1-LV-semiurb5--1-no_sw,False,True,False,2.3886194038391113,0.0815371436874071,-0.0847108146548271,0.8002959156036377,0.0,0.0,0
272,1-MV-rural--1-no_sw,1-LV-urban6--1-no_sw,False,False,False,21.681972529093425,0.0368868791063626,-0.0481341860691706,0.3244422348340352,0.0,0.0,0
273,1-MV-rural--1-no_sw,1-LV-urban6--1-no_sw,True,True,False,5.533052768707275,0.0055168477321664,-0.0057770482450723,0.0430282294750213,0.0,0.0,0
274,1-MV-rural--1-no_sw,1-LV-urban6--1-no_sw,True,False,False,4.210599301656087,0.0812030580639839,-0.08561587870121,0.6078943808873495,0.0,0.0,0
275,1-MV-rural--1-no_sw,1-LV-urban6--1-no_sw,False,True,False,6.042221050262452,0.0066220001131296,-0.007032459800442,0.051569142093261,0.0,0.0,0
276,1-MV-rural--1-no_sw,1-MV-comm--1-no_sw,False,False,False,2.077575569152832,0.0041181547753512,-0.0053627487954994,0.0465992762645085,0.0,0.0,0
277,1-MV-rural--1-no_sw,1-MV-comm--1-no_sw,True,True,False,1.0248228549957277,0.0032142532182236,-0.0041944198310375,0.0363274875283241,0.0,0.0,0
278,1-MV-rural--1-no_sw,1-MV-comm--1-no_sw,True,False,False,0.6857966303825378,0.0138814523443579,-0.0195573960244655,0.1687467281023661,0.0,0.0,0
279,1-MV-rural--1-no_sw,1-MV-comm--1-no_sw,False,True,False,1.5304239622751872,0.0643786071737607,-0.0767631690700848,0.6611964654922485,0.0,0.0,0
280,1-MV-rural--1-no_sw,1-MV-semiurb--1-no_sw,False,False,False,2.318458792368571,0.0536681181192398,-0.068740030825138,0.5942822003364563,0.0,0.0,0
281,1-MV-rural--1-no_sw,1-MV-semiurb--1-no_sw,True,True,False,1.8814862521489464,0.0063262284112473,-0.0092123349756002,0.0767287223537763,0.0,0.0,0
282,1-MV-rural--1-no_sw,1-MV-semiurb--1-no_sw,True,False,False,1.3098574050267535,0.0168685707449913,-0.0235828433682521,0.2042127960920333,0.0,0.0,0
283,1-MV-rural--1-no_sw,1-MV-semiurb--1-no_sw,False,True,False,0.6945844809214274,0.0155766117572784,-0.0221073327710231,0.1915425342321396,0.0,0.0,0
284,1-MV-rural--1-no_sw,1-MV-urban--1-no_sw,False,False,False,3.9455334377288818,0.0720404013991355,-0.0817792668938636,0.805808002948761,0.0,0.0,0
285,1-MV-rural--1-no_sw,1-MV-urban--1-no_sw,True,True,False,1.8559143511454264,0.009431867438058,-0.0133536498496929,0.1260785315434138,0.0,0.0,0
286,1-MV-rural--1-no_sw,1-MV-urban--1-no_sw,True,False,False,3.53063684463501,0.0125285957877834,-0.0157326681911945,0.1598479741811752,0.0,0.0,0
287,1-MV-rural--1-no_sw,1-MV-urban--1-no_sw,False,True,False,1.1488143507639568,0.0093342128892739,-0.0132616856445868,0.1247019789616266,0.0,0.0,0
288,1-MV-semiurb--1-no_sw,1-LV-rural1--1-no_sw,False,False,False,10.94569507598877,0.2015637594461441,-0.2268527573347091,0.7733913175264995,0.0,0.0,0
289,1-MV-semiurb--1-no_sw,1-LV-rural1--1-no_sw,True,True,False,14.841694056193036,0.2714597423871358,-0.3234085806210836,1.0304547182718913,0.0,0.0,0
290,1-MV-semiurb--1-no_sw,1-LV-rural1--1-no_sw,True,False,False,2.284749724070231,0.067285455862681,-0.0736743183930715,0.2704695677757263,0.0,0.0,0
291,1-MV-semiurb--1-no_sw,1-LV-rural1--1-no_sw,False,True,False,648.1795629882813,0.3136729808648427,-1.5166479825973511,1.4696845563252767,0.0,0.0,0
292,1-MV-semiurb--1-no_sw,1-LV-rural2--1-no_sw,False,False,False,8.120827153523763,0.0857258269190788,-0.0895993676781654,0.785640873114268,0.0,0.0,0
293,1-MV-semiurb--1-no_sw,1-LV-rural2--1-no_sw,True,True,False,14.761918665568034,0.0661995482444763,-0.0702570469180742,0.6339628783861796,0.0,0.0,0
294,1-MV-semiurb--1-no_sw,1-LV-rural2--1-no_sw,True,False,False,3.795916789372762,0.0600675358374913,-0.0619733586410681,0.5736498872439066,0.0,0.0,0
295,1-MV-semiurb--1-no_sw,1-LV-rural2--1-no_sw,False,True,False,3.896378002166748,0.0913467546304067,-0.0947439660628636,0.8323841579755147,0.0,0.0,0
296,1-MV-semiurb--1-no_sw,1-LV-rural3--1-no_sw,False,False,False,2.3332918643951417,0.0562300360202789,-0.0584846789141496,0.6195677836736043,0.0,0.0,0
297,1-MV-semiurb--1-no_sw,1-LV-rural3--1-no_sw,True,True,False,120.05475321451824,0.051190758049488,-0.1018889421224594,0.7032590174674987,0.0,0.0,0
298,1-MV-semiurb--1-no_sw,1-LV-rural3--1-no_sw,True,False,False,2.4305019982655844,0.0663436771432558,-0.0686201070745786,0.7129805874824524,0.0,0.0,0
299,1-MV-semiurb--1-no_sw,1-LV-rural3--1-no_sw,False,True,False,25.50926938374837,0.0566273201008637,-0.0942720148960749,0.8478775715827942,0.0,0.0,0
300,1-MV-semiurb--1-no_sw,1-LV-semiurb4--1-no_sw,False,False,False,4.59526829401652,0.0600917976597944,-0.0639600902795791,0.4008399418989817,0.0,0.0,0
301,1-MV-semiurb--1-no_sw,1-LV-semiurb4--1-no_sw,True,True,False,4.671843681335449,0.0096695186818639,-0.0104108360906442,0.066877473394076,0.0,0.0,0
302,1-MV-semiurb--1-no_sw,1-LV-semiurb4--1-no_sw,True,False,False,5.408365122477213,0.0602557838956515,-0.0643283730745315,0.4023868552843729,0.0,0.0,0
303,1-MV-semiurb--1-no_sw,1-LV-semiurb4--1-no_sw,False,True,False,3.360079876581828,0.0655579217274983,-0.0693853231271107,0.4372559519608816,0.0,0.0,0
304,1-MV-semiurb--1-no_sw,1-LV-semiurb5--1-no_sw,False,False,False,1.5342510000864664,0.0486542588472366,-0.0500310692191124,0.5025018723805745,0.0,0.0,0
305,1-MV-semiurb--1-no_sw,1-LV-semiurb5--1-no_sw,True,True,False,9.4895015335083,0.0690971873203913,-0.074594050447146,0.7004322290420533,0.0,0.0,0
306,1-MV-semiurb--1-no_sw,1-LV-semiurb5--1-no_sw,True,False,False,2.821013043721517,0.0607244889934857,-0.0628398667772611,0.6162522490819295,0.0,0.0,0
307,1-MV-semiurb--1-no_sw,1-LV-semiurb5--1-no_sw,False,True,False,7.9115705490112305,0.0198858717332283,-0.0234561198204755,0.2330471227566401,0.0,0.0,0
308,1-MV-semiurb--1-no_sw,1-LV-urban6--1-no_sw,False,False,False,4.581441656748454,0.0425060906012852,-0.0451742566128571,0.3302387646834056,0.0,0.0,0
309,1-MV-semiurb--1-no_sw,1-LV-urban6--1-no_sw,True,True,False,11.236274630228678,0.0675966083010037,-0.0733217534422874,0.5169749204317728,0.0,0.0,0
310,1-MV-semiurb--1-no_sw,1-LV-urban6--1-no_sw,True,False,False,2.642206385930379,0.0436257848640282,-0.045487031986316,0.3359235739707947,0.0,0.0,0
311,1-MV-semiurb--1-no_sw,1-LV-urban6--1-no_sw,False,True,False,9.02628542582194,0.0843388349811236,-0.0901401141285896,0.6268851470947265,0.0,0.0,0
312,1-MV-semiurb--1-no_sw,1-MV-comm--1-no_sw,False,False,False,0.9071378223101298,0.0144133000945051,-0.0189311993867158,0.1647496980428695,0.0,0.0,0
313,1-MV-semiurb--1-no_sw,1-MV-comm--1-no_sw,True,True,False,0.9475721057256062,0.0047151033394038,-0.0060910831267635,0.0532626276711622,0.0,0.0,0
314,1-MV-semiurb--1-no_sw,1-MV-comm--1-no_sw,True,False,False,1.2364385620752971,0.0047380655631423,-0.0061588999380668,0.0537164268394311,0.0,0.0,0
315,1-MV-semiurb--1-no_sw,1-MV-comm--1-no_sw,False,True,False,0.664026034673055,0.0046266787188748,-0.00595476883774,0.0520986731847127,0.0,0.0,0
316,1-MV-semiurb--1-no_sw,1-MV-rural--1-no_sw,False,False,False,0.6816570281982421,0.0251961626857519,-0.0276854761689901,0.2541708981990814,0.0,0.0,0
317,1-MV-semiurb--1-no_sw,1-MV-rural--1-no_sw,True,True,False,1.1924754651387532,0.0149058345332741,-0.0177393569797277,0.1543658816814422,0.0,0.0,0
318,1-MV-semiurb--1-no_sw,1-MV-rural--1-no_sw,True,False,False,0.9232948311169942,0.0118572606146335,-0.0139521530022223,0.1219815956552823,0.0,0.0,0
319,1-MV-semiurb--1-no_sw,1-MV-rural--1-no_sw,False,True,False,0.9173704187075296,0.0312421709299087,-0.0344678122301896,0.3146455947558085,0.0,0.0,0
320,1-MV-semiurb--1-no_sw,1-MV-urban--1-no_sw,False,False,False,0.8337306173642477,0.0063161528172592,-0.0083890487626194,0.0810694969693819,0.0,0.0,0
321,1-MV-semiurb--1-no_sw,1-MV-urban--1-no_sw,True,True,False,1.6922971614201865,0.0064803560823202,-0.0088681230569879,0.0842867241303126,0.0,0.0,0
322,1-MV-semiurb--1-no_sw,1-MV-urban--1-no_sw,True,False,False,1.0720909643173218,0.0139416670675079,-0.0188495765129725,0.181144252816836,0.0,0.0,0
323,1-MV-semiurb--1-no_sw,1-MV-urban--1-no_sw,False,True,False,1.99574729124705,0.0056315943412482,-0.0073786239326,0.0718100145459175,0.0,0.0,0
324,1-MV-urban--1-no_sw,1-LV-rural1--1-no_sw,False,False,False,14810.972734375,0.3244414242108663,-3.802097835540771,1.3463532034556072,0.0,0.0,0
325,1-MV-urban--1-no_sw,1-LV-rural1--1-no_sw,True,True,False,110.35421305338542,0.1405650512377421,-0.2226659456888834,0.7015281256039937,0.0,0.0,0
326,1-MV-urban--1-no_sw,1-LV-rural1--1-no_sw,True,False,False,19.27012013753255,0.3917483949661255,-0.4873903290430705,1.3670926666259766,0.0,0.0,0
327,1-MV-urban--1-no_sw,1-LV-rural1--1-no_sw,False,True,False,20.471951166788735,0.1689507017532984,-0.1946701558430989,0.6744379059473673,0.0,0.0,0
328,1-MV-urban--1-no_sw,1-LV-rural2--1-no_sw,False,False,False,61.36498051961263,0.0481525207062562,-0.0721381044387817,0.5847620185216268,0.0,0.0,0
329,1-MV-urban--1-no_sw,1-LV-rural2--1-no_sw,True,True,False,36.485940856933595,0.0200330696503321,-0.024010847111543,0.2140980112552643,0.0,0.0,0
330,1-MV-urban--1-no_sw,1-LV-rural2--1-no_sw,True,False,False,5.5269644165039065,0.0497221071024735,-0.0518773893515268,0.4833770263195038,0.0,0.0,0
331,1-MV-urban--1-no_sw,1-LV-rural2--1-no_sw,False,True,False,12.639748853047688,0.0879716980457305,-0.0938305532932281,0.812064315478007,0.0,0.0,0
332,1-MV-urban--1-no_sw,1-LV-rural3--1-no_sw,False,False,False,18.48960906982422,0.0368258128563563,-0.0507995168368021,0.5080667702356975,0.0,0.0,0
333,1-MV-urban--1-no_sw,1-LV-rural3--1-no_sw,True,True,False,13.903804105122884,0.1106605833768844,-0.1255954964955647,1.1072323528925578,0.0,0.0,0
334,1-MV-urban--1-no_sw,1-LV-rural3--1-no_sw,True,False,False,10.9838591893514,0.1108842859665552,-0.1249295994639396,1.1059142239888509,0.0,0.0,0
335,1-MV-urban--1-no_sw,1-LV-rural3--1-no_sw,False,True,False,12.170542793273926,0.1603771829605102,-0.1856244166692097,1.405697013537089,0.0,0.0,0
336,1-MV-urban--1-no_sw,1-LV-semiurb4--1-no_sw,False,False,False,10.853070348103842,0.0810796919465065,-0.0875912388165791,0.5313615759213766,0.0,0.0,0
337,1-MV-urban--1-no_sw,1-LV-semiurb4--1-no_sw,True,True,False,2.69331238746643,0.0693629792332649,-0.072716475824515,0.4584027342001597,0.0,0.0,0
338,1-MV-urban--1-no_sw,1-LV-semiurb4--1-no_sw,True,False,False,158.5752783203125,0.0766034301122029,-0.1303460949659347,0.5905239351590474,0.0,0.0,0
339,1-MV-urban--1-no_sw,1-LV-semiurb4--1-no_sw,False,True,False,4.670903339385986,0.121576731801033,-0.1288243275880813,0.7653885912895203,0.0,0.0,0
340,1-MV-urban--1-no_sw,1-LV-semiurb5--1-no_sw,False,False,False,5.85955400466919,0.0600814098616441,-0.0629364568988482,0.6101678808530172,0.0,0.0,0
341,1-MV-urban--1-no_sw,1-LV-semiurb5--1-no_sw,True,True,False,8.621252593994141,0.025952457288901,-0.0314632719258467,0.3111570453643799,0.0,0.0,0
342,1-MV-urban--1-no_sw,1-LV-semiurb5--1-no_sw,True,False,False,2.036550512313843,0.0041440579729775,-0.0043076006633539,0.0444826190173625,0.0,0.0,0
343,1-MV-urban--1-no_sw,1-LV-semiurb5--1-no_sw,False,True,False,1.3420475641886394,0.0386492502192656,-0.0398251634339491,0.4043872884909312,0.0,0.0,0
344,1-MV-urban--1-no_sw,1-LV-urban6--1-no_sw,False,False,False,2.7204534657796224,0.0976898009578386,-0.1026762847105662,0.7160921160380046,0.0,0.0,0
345,1-MV-urban--1-no_sw,1-LV-urban6--1-no_sw,True,True,False,15.296307118733724,0.0785086025794347,-0.0862956706682841,0.5890474239985148,0.0,0.0,0
346,1-MV-urban--1-no_sw,1-LV-urban6--1-no_sw,True,False,False,3.175289252599081,0.0042739689474304,-0.0045086660360296,0.0336198090016841,0.0,0.0,0
347,1-MV-urban--1-no_sw,1-LV-urban6--1-no_sw,False,True,False,1.6593047920862831,0.1066830166180928,-0.1113854472835858,0.7740930620829264,0.0,0.0,0
348,1-MV-urban--1-no_sw,1-MV-comm--1-no_sw,False,False,False,3.102361437479655,0.0070623262474934,-0.0093401745830973,0.0798518056670824,0.0,0.0,0
349,1-MV-urban--1-no_sw,1-MV-comm--1-no_sw,True,True,False,2.9321128940582275,0.008311308932801,-0.0109713309754927,0.094298694829146,0.0,0.0,0
350,1-MV-urban--1-no_sw,1-MV-comm--1-no_sw,True,False,False,1.7932038100560506,0.0026947623429199,-0.0035405451338738,0.0304072627425193,0.0,0.0,0
351,1-MV-urban--1-no_sw,1-MV-comm--1-no_sw,False,True,False,0.940881797472636,0.0046938942372798,-0.006253858320415,0.0538890090584755,0.0,0.0,0
352,1-MV-urban--1-no_sw,1-MV-rural--1-no_sw,False,False,False,1.6349204921722411,0.0772157863775889,-0.0884362821777661,0.7343166335423787,0.0,0.0,0
353,1-MV-urban--1-no_sw,1-MV-rural--1-no_sw,True,True,False,0.8459882839520773,0.0104109777634342,-0.0126474005604783,0.1117647045850753,0.0,0.0,0
354,1-MV-urban--1-no_sw,1-MV-rural--1-no_sw,True,False,False,0.536400564511617,0.0076537170199056,-0.0091263520593444,0.0809984945257504,0.0,0.0,0
355,1-MV-urban--1-no_sw,1-MV-rural--1-no_sw,False,True,False,2.855444860458374,0.0777415357033411,-0.0855722376704216,0.732489845752716,0.0,0.0,0
356,1-MV-urban--1-no_sw,1-MV-semiurb--1-no_sw,False,False,False,1.784637730916341,0.0688157041867574,-0.078837612469991,0.7175038607915243,0.0,0.0,0
357,1-MV-urban--1-no_sw,1-MV-semiurb--1-no_sw,True,True,False,1.2910882314046224,0.0077096890720228,-0.010692503042519,0.0916798523068428,0.0,0.0,0
358,1-MV-urban--1-no_sw,1-MV-semiurb--1-no_sw,True,False,False,1.0849175850550334,0.0076919041077295,-0.0107930815095702,0.0910042038559913,0.0,0.0,0
359,1-MV-urban--1-no_sw,1-MV-semiurb--1-no_sw,False,True,False,2.8381942240397136,0.0643259540200233,-0.0814369031786918,0.6881299487749736,0.0,0.0,0
360,1-LV-rural1--1-no_sw,1-LV-rural2--1-no_sw,False,False,True,1.6273373158772786,0.0054542624826232,-0.005647874319305,0.0548254609107971,0.0,0.0,0
361,1-LV-rural1--1-no_sw,1-LV-rural3--1-no_sw,False,False,True,1.4455388609568278,0.0140735217432181,-0.0144156713535388,0.1609215929110845,0.0,0.0,0
362,1-LV-rural1--1-no_sw,1-LV-semiurb4--1-no_sw,False,False,True,0.6354715744654338,0.0031825654053439,-0.0033022505386422,0.0214316172649463,0.0,0.0,0
363,1-LV-rural1--1-no_sw,1-LV-semiurb5--1-no_sw,False,False,True,0.826572330792745,0.0062032180527846,-0.0064995072285334,0.0674650839964548,0.0,0.0,0
364,1-LV-rural1--1-no_sw,1-LV-urban6--1-no_sw,False,False,True,2.7673513062795005,0.0085842929159601,-0.0088981909925738,0.0667934589584668,0.0,0.0,0
365,1-LV-rural1--1-no_sw,1-MV-comm--1-no_sw,False,False,True,5.101248957316081,0.070905444920063,-0.0824964217344919,0.7088619128863016,0.0,0.0,0
366,1-LV-rural1--1-no_sw,1-MV-rural--1-no_sw,False,False,True,0.7700914279619853,0.015183665578564,-0.0161946783711512,0.1531891667842865,0.0,0.0,0
367,1-LV-rural1--1-no_sw,1-MV-semiurb--1-no_sw,False,False,True,3.099348862965902,0.0313166498641173,-0.0354798165460427,0.3463601005077362,0.0,0.0,0
368,1-LV-rural1--1-no_sw,1-MV-urban--1-no_sw,False,False,True,4.7455369695027665,0.0405981288850307,-0.0459211312731107,0.4849602882067362,0.0,0.0,0
369,1-LV-rural2--1-no_sw,1-LV-rural1--1-no_sw,False,False,True,17.22813850402832,0.1948410805066426,-0.2218270015716552,0.7575099913279215,0.0,0.0,0
370,1-LV-rural2--1-no_sw,1-LV-rural3--1-no_sw,False,False,True,2.147377014160156,0.0730573231975237,-0.0755503011743227,0.7741682187716166,0.0,0.0,0
371,1-LV-rural2--1-no_sw,1-LV-semiurb4--1-no_sw,False,False,True,1.7004856570561726,0.0053265398181974,-0.0055751880692938,0.0361983237167199,0.0,0.0,0
372,1-LV-rural2--1-no_sw,1-LV-semiurb5--1-no_sw,False,False,True,1.5419174480438231,0.0104874972129861,-0.0107369234164555,0.1112314713994662,0.0,0.0,0
373,1-LV-rural2--1-no_sw,1-LV-urban6--1-no_sw,False,False,True,0.6260070379575093,0.0304187423984209,-0.0314580631256103,0.2354683315753936,0.0,0.0,0
374,1-LV-rural2--1-no_sw,1-MV-comm--1-no_sw,False,False,True,4.041207955678304,0.0662910366058349,-0.0851055390636126,0.7274432865778605,0.0,0.0,0
375,1-LV-rural2--1-no_sw,1-MV-rural--1-no_sw,False,False,True,1.6618999354044597,0.0245462089776992,-0.0286334049453338,0.2678329133987426,0.0,0.0,0
376,1-LV-rural2--1-no_sw,1-MV-semiurb--1-no_sw,False,False,True,1.373538996378581,0.0800875176986058,-0.1105891875425974,0.9715682490666708,0.0,0.0,0
377,1-LV-rural2--1-no_sw,1-MV-urban--1-no_sw,False,False,True,2.1066163714726764,0.0256822065015633,-0.0309792051712671,0.3342440148194631,0.0,0.0,0
378,1-LV-rural3--1-no_sw,1-LV-rural1--1-no_sw,False,False,True,1.9603945636749267,0.0114028230806191,-0.012381449304521,0.0457809408009052,0.0,0.0,0
379,1-LV-rural3--1-no_sw,1-LV-rural2--1-no_sw,False,False,True,2.250124092102051,0.0129911755025386,-0.0133367520570755,0.1292358354727427,0.0,0.0,0
380,1-LV-rural3--1-no_sw,1-LV-semiurb4--1-no_sw,False,False,True,2.2251764742533364,0.0109072934215267,-0.0113624348367253,0.0734338424603144,0.0,0.0,0
381,1-LV-rural3--1-no_sw,1-LV-semiurb5--1-no_sw,False,False,True,0.8058933305740357,0.0151765073587497,-0.015557372222344,0.1609214027722676,0.0,0.0,0
382,1-LV-rural3--1-no_sw,1-LV-urban6--1-no_sw,False,False,True,4.931958243052165,0.022310686931014,-0.0233022295931975,0.1733863145112991,0.0,0.0,0
383,1-LV-rural3--1-no_sw,1-MV-comm--1-no_sw,False,False,True,2.212470010121663,0.062383793592453,-0.075829439163208,0.6629824233055115,0.0,0.0,0
384,1-LV-rural3--1-no_sw,1-MV-rural--1-no_sw,False,False,True,1.428655848503113,0.0730247670412063,-0.0781922470529874,0.6906972686449687,0.0,0.0,0
385,1-LV-rural3--1-no_sw,1-MV-semiurb--1-no_sw,False,False,True,4.286419375737508,0.056269817550977,-0.0665690260132153,0.6237172436714172,0.0,0.0,0
386,1-LV-rural3--1-no_sw,1-MV-urban--1-no_sw,False,False,True,3.738346913655599,0.0566983343164126,-0.0660528906186421,0.675824544429779,0.0,0.0,0
387,1-LV-semiurb4--1-no_sw,1-LV-rural1--1-no_sw,False,False,True,4.40544579188029,0.0038446146467079,-0.0041681049826244,0.0153968782226244,0.0,0.0,0
388,1-LV-semiurb4--1-no_sw,1-LV-rural2--1-no_sw,False,False,True,3.4783654975891114,0.0084700307374199,-0.0086541511739293,0.0840148296952247,0.0,0.0,0
389,1-LV-semiurb4--1-no_sw,1-LV-rural3--1-no_sw,False,False,True,0.9945146004358928,0.0068359743182857,-0.0071313057715694,0.0799328190088272,0.0,0.0,0
390,1-LV-semiurb4--1-no_sw,1-LV-semiurb5--1-no_sw,False,False,True,2.2564759413401285,0.0758757408459981,-0.0783780587712923,0.7512150772412618,0.0,0.0,0
391,1-LV-semiurb4--1-no_sw,1-LV-urban6--1-no_sw,False,False,True,1.2272885545094807,0.0042614335256318,-0.0044024001496533,0.0331321216126283,0.0,0.0,0
392,1-LV-semiurb4--1-no_sw,1-MV-comm--1-no_sw,False,False,True,5.4216458702087404,0.0367116435865561,-0.0445633599658807,0.402670772075653,0.0,0.0,0
393,1-LV-semiurb4--1-no_sw,1-MV-rural--1-no_sw,False,False,True,1.273211743036906,0.0191937740643819,-0.0202680227905511,0.1908168504635493,0.0,0.0,0
394,1-LV-semiurb4--1-no_sw,1-MV-semiurb--1-no_sw,False,False,True,2.260358765920003,0.0597052890062332,-0.0664291650056839,0.6244375936190287,0.0,0.0,0
395,1-LV-semiurb4--1-no_sw,1-MV-urban--1-no_sw,False,False,True,1.4691880130767825,0.0587092440823713,-0.066088119149208,0.6793353414535522,0.0,0.0,0
396,1-LV-semiurb5--1-no_sw,1-LV-rural1--1-no_sw,False,False,True,2.717435744603475,0.0068257018985847,-0.0074030790291726,0.0273779842505852,0.0,0.0,0
397,1-LV-semiurb5--1-no_sw,1-LV-rural2--1-no_sw,False,False,True,5.859902712504069,0.0858922258019447,-0.0890973754723866,0.7873890558878581,0.0,0.0,0
398,1-LV-semiurb5--1-no_sw,1-LV-rural3--1-no_sw,False,False,True,0.6948416463534037,0.0078718019649386,-0.008336415849626,0.0932695740461349,0.0,0.0,0
399,1-LV-semiurb5--1-no_sw,1-LV-semiurb4--1-no_sw,False,False,True,0.6259274013837178,0.0035244189575314,-0.0036560462415218,0.0237278236200412,0.0,0.0,0
400,1-LV-semiurb5--1-no_sw,1-LV-urban6--1-no_sw,False,False,True,3.4363471349080403,0.0154813647766908,-0.0160675651828447,0.1203670316934585,0.0,0.0,0
401,1-LV-semiurb5--1-no_sw,1-MV-comm--1-no_sw,False,False,True,1.135583373705546,0.0170066547890504,-0.0201160637537638,0.1867968638737996,0.0,0.0,0
402,1-LV-semiurb5--1-no_sw,1-MV-rural--1-no_sw,False,False,True,1.7177518065770467,0.0815835011005401,-0.0872476574778556,0.7572751625378926,0.0,0.0,0
403,1-LV-semiurb5--1-no_sw,1-MV-semiurb--1-no_sw,False,False,True,2.804926493962606,0.0698262305061022,-0.0788114075859387,0.7217244283358256,0.0,0.0,0
404,1-LV-semiurb5--1-no_sw,1-MV-urban--1-no_sw,False,False,True,0.9249008679389954,0.0269190852840741,-0.0304491701722145,0.3300288474559784,0.0,0.0,0
405,1-LV-urban6--1-no_sw,1-LV-rural1--1-no_sw,False,False,True,24.23886568705241,0.2017098899682363,-0.231291678349177,0.7714547292391459,0.0,0.0,0
406,1-LV-urban6--1-no_sw,1-LV-rural2--1-no_sw,False,False,True,1.5693243503570558,0.0122195109476645,-0.012486729286611,0.1211566324035326,0.0,0.0,0
407,1-LV-urban6--1-no_sw,1-LV-rural3--1-no_sw,False,False,True,0.662782477537791,0.0065797136475642,-0.0068179922985533,0.07641238818566,0.0,0.0,0
408,1-LV-urban6--1-no_sw,1-LV-semiurb4--1-no_sw,False,False,True,0.8994903786977132,0.0033565036238481,-0.0034832942423721,0.0225967506567637,0.0,0.0,0
409,1-LV-urban6--1-no_sw,1-LV-semiurb5--1-no_sw,False,False,True,0.4791324873765309,0.0034488411309818,-0.003527570295458,0.0366313647727171,0.0,0.0,0
410,1-LV-urban6--1-no_sw,1-MV-comm--1-no_sw,False,False,True,1.0565696700414022,0.0684765633940696,-0.0787533551454544,0.6864552466074626,0.0,0.0,0
411,1-LV-urban6--1-no_sw,1-MV-rural--1-no_sw,False,False,True,1.474074584643046,0.0796010751525561,-0.0853117962678273,0.7424903869628906,0.0,0.0,0
412,1-LV-urban6--1-no_sw,1-MV-semiurb--1-no_sw,False,False,True,0.9460784101486206,0.044597808321317,-0.050024995803833,0.4828890744845072,0.0,0.0,0
413,1-LV-urban6--1-no_sw,1-MV-urban--1-no_sw,False,False,True,1.849777921040853,0.0251887083301941,-0.0308870104451974,0.3312447249889373,0.0,0.0,0
414,1-MV-comm--1-no_sw,1-LV-rural1--1-no_sw,False,False,True,15.905403480529785,0.149264388680458,-0.1692555115620295,0.5913901130358378,0.0,0.0,0
415,1-MV-comm--1-no_sw,1-LV-rural2--1-no_sw,False,False,True,5.4806280517578125,0.0044125060985485,-0.0045526939692596,0.0437642386555671,0.0,0.0,0
416,1-MV-comm--1-no_sw,1-LV-rural3--1-no_sw,False,False,True,5.399597848256429,0.071380921502908,-0.1238883156577746,1.123774824142456,0.0,0.0,0
417,1-MV-comm--1-no_sw,1-LV-semiurb4--1-no_sw,False,False,True,2.2485739390055337,0.0373969131211439,-0.0390413176019986,0.2506754438082377,0.0,0.0,0
418,1-MV-comm--1-no_sw,1-LV-semiurb5--1-no_sw,False,False,True,13.737241655985514,0.0160992250343163,-0.0188083801915248,0.1819400455554326,0.0,0.0,0
419,1-MV-comm--1-no_sw,1-LV-urban6--1-no_sw,False,False,True,3.058770259221395,0.1053059989213943,-0.1101569791634877,0.7629563236236572,0.0,0.0,0
420,1-MV-comm--1-no_sw,1-MV-rural--1-no_sw,False,False,True,0.5270743219057719,0.0101453373208642,-0.0117062101016441,0.1044977901379267,0.0,0.0,0
421,1-MV-comm--1-no_sw,1-MV-semiurb--1-no_sw,False,False,True,0.7562928406397501,0.0044967783801257,-0.0062709808535873,0.0529733875393867,0.0,0.0,0
422,1-MV-comm--1-no_sw,1-MV-urban--1-no_sw,False,False,True,1.0949224909146626,0.002282646993796,-0.0030177104348937,0.0289505222439765,0.0,0.0,0
423,1-MV-rural--1-no_sw,1-LV-rural1--1-no_sw,False,False,True,1415.9616227213542,0.2712616920471191,-1.581167753537496,1.2341456492741902,0.0,0.0,0
424,1-MV-rural--1-no_sw,1-LV-rural2--1-no_sw,False,False,True,3.896172351837158,0.0357089068988959,-0.0368209664523601,0.3493253123760223,0.0,0.0,0
425,1-MV-rural--1-no_sw,1-LV-rural3--1-no_sw,False,False,True,4.462295436859131,0.0070676785397032,-0.0075373849086463,0.0830685477455457,0.0,0.0,0
426,1-MV-rural--1-no_sw,1-LV-semiurb4--1-no_sw,False,False,True,89.75871673583984,0.0853742432594299,-0.1542086144288381,0.702557225227356,0.0,0.0,0
427,1-MV-rural--1-no_sw,1-LV-semiurb5--1-no_sw,False,False,True,41.61410903930664,0.0397858051458994,-0.0602197656035423,0.5031970906257629,0.0,0.0,0
428,1-MV-rural--1-no_sw,1-LV-urban6--1-no_sw,False,False,True,15.08407620747884,0.0223352870345115,-0.0265767378360033,0.1863427595297495,0.0,0.0,0
429,1-MV-rural--1-no_sw,1-MV-comm--1-no_sw,False,False,True,0.6664370322227477,0.0040523969195783,-0.0052701403448979,0.045535356203715,0.0,0.0,0
430,1-MV-rural--1-no_sw,1-MV-semiurb--1-no_sw,False,False,True,1.8728723033269248,0.0045469337391356,-0.0063850397864977,0.0540781622131665,0.0,0.0,0
431,1-MV-rural--1-no_sw,1-MV-urban--1-no_sw,False,False,True,2.2802416292826333,0.0689054082830746,-0.0786177877585093,0.7721190198262533,0.0,0.0,0
432,1-MV-semiurb--1-no_sw,1-LV-rural1--1-no_sw,False,False,True,51.54981002807617,0.0593557991087436,-0.078189146220684,0.258656165599823,0.0,0.0,0
433,1-MV-semiurb--1-no_sw,1-LV-rural2--1-no_sw,False,False,True,7.380054874420166,0.060614658743143,-0.0638044701019922,0.5839924653371175,0.0,0.0,0
434,1-MV-semiurb--1-no_sw,1-LV-rural3--1-no_sw,False,False,True,108.2070091756185,0.0842700323462486,-0.2316193087895711,1.2574285284678142,0.0,0.0,0
435,1-MV-semiurb--1-no_sw,1-LV-semiurb4--1-no_sw,False,False,True,4.119555282592773,0.1275285408894221,-0.1354059040546417,0.7969416880607605,0.0,0.0,0
436,1-MV-semiurb--1-no_sw,1-LV-semiurb5--1-no_sw,False,False,True,11.07949796040853,0.0854344067970911,-0.0927063285311063,0.8380478310585022,0.0,0.0,0
437,1-MV-semiurb--1-no_sw,1-LV-urban6--1-no_sw,False,False,True,1.404460202852885,0.0527354960640271,-0.0548378258446852,0.4035245855649312,0.0,0.0,0
438,1-MV-semiurb--1-no_sw,1-MV-comm--1-no_sw,False,False,True,0.4943659691015879,0.0031932990532368,-0.0040611265351374,0.0353721608718236,0.0,0.0,0
439,1-MV-semiurb--1-no_sw,1-MV-rural--1-no_sw,False,False,True,0.695782504081726,0.0055678920075297,-0.0066253189370036,0.0575827535490195,0.0,0.0,0
440,1-MV-semiurb--1-no_sw,1-MV-urban--1-no_sw,False,False,True,0.5810293761889139,0.0050673100600639,-0.0065568404272198,0.0637393146753311,0.0,0.0,0
441,1-MV-urban--1-no_sw,1-LV-rural1--1-no_sw,False,False,True,18.28166872660319,0.0899915739893913,-0.1011192906896273,0.3621471583843231,0.0,0.0,0
442,1-MV-urban--1-no_sw,1-LV-rural2--1-no_sw,False,False,True,9254.4731640625,0.130107045173645,-4.32206558863322,1.31580304145813,0.0,0.0,0
443,1-MV-urban--1-no_sw,1-LV-rural3--1-no_sw,False,False,True,10.867323341369628,0.1082708336909612,-0.1200333183010419,1.0826686080296837,0.0,0.0,0
444,1-MV-urban--1-no_sw,1-LV-semiurb4--1-no_sw,False,False,True,1.5203348191579182,0.0430837684869766,-0.0449838931858539,0.2885005056858062,0.0,0.0,0
445,1-MV-urban--1-no_sw,1-LV-semiurb5--1-no_sw,False,False,True,8.733760935465495,0.0648390583197275,-0.0692578801512718,0.6527637171745301,0.0,0.0,0
446,1-MV-urban--1-no_sw,1-LV-urban6--1-no_sw,False,False,True,6.947702840169271,0.0478200902541478,-0.0509224527577559,0.3698535410563151,0.0,0.0,0
447,1-MV-urban--1-no_sw,1-MV-comm--1-no_sw,False,False,True,1.5355625438690186,0.0073197582115729,-0.0094848519812027,0.0816991819938023,0.0,0.0,0
448,1-MV-urban--1-no_sw,1-MV-rural--1-no_sw,False,False,True,0.7695280003547669,0.0128811177487174,-0.0149117187038064,0.1322527559598287,0.0,0.0,0
449,1-MV-urban--1-no_sw,1-MV-semiurb--1-no_sw,False,False,True,3.2376890850067137,0.0143462891752521,-0.0188737937559684,0.1660550455252329,0.0,0.0,0
450,1-LV-rural1--1-no_sw,1-LV-rural2--1-no_sw,True,True,True,2.7006955401102704,0.069847112695376,-0.0751542322834332,0.7074839901924134,0.0,0.0,0
451,1-LV-rural1--1-no_sw,1-LV-rural3--1-no_sw,True,True,True,7.755005124409993,0.0069752211682498,-0.0071559002809226,0.0788387256860733,0.0,0.0,0
452,1-LV-rural1--1-no_sw,1-LV-semiurb4--1-no_sw,True,True,True,1.7074592320124309,0.0064763490421076,-0.0067315704313417,0.0436374845107396,0.0,0.0,0
453,1-LV-rural1--1-no_sw,1-LV-semiurb5--1-no_sw,True,True,True,1.2198684771855672,0.0061942013228933,-0.0063503627292811,0.0657952273885409,0.0,0.0,0
454,1-LV-rural1--1-no_sw,1-LV-urban6--1-no_sw,True,True,True,1.835397432645162,0.0447454075018564,-0.0489360418915748,0.3641131432851155,0.0,0.0,0
455,1-LV-rural1--1-no_sw,1-MV-comm--1-no_sw,True,True,True,3.5426919142405193,0.0232840300351381,-0.0277059634278217,0.2549589916070302,0.0,0.0,0
456,1-LV-rural1--1-no_sw,1-MV-rural--1-no_sw,True,True,True,4.2781260935465495,0.0228290196259816,-0.024219926148653,0.2272192684809366,0.0,0.0,0
457,1-LV-rural1--1-no_sw,1-MV-semiurb--1-no_sw,True,True,True,1.4875556659698486,0.0596251685420672,-0.0676287866632143,0.6562982360521953,0.0,0.0,0
458,1-LV-rural1--1-no_sw,1-MV-urban--1-no_sw,True,True,True,3.509678777058919,0.0822873694698015,-0.0918432254592577,0.907533396879832,0.0,0.0,0
459,1-LV-rural2--1-no_sw,1-LV-rural1--1-no_sw,True,True,True,4.23807243347168,0.1950312399864197,-0.2203316382567088,0.760550324122111,0.0,0.0,0
460,1-LV-rural2--1-no_sw,1-LV-rural3--1-no_sw,True,True,True,1.306729014714559,0.0097953204810619,-0.0100916375095645,0.1124370563030243,0.0,0.0,0
461,1-LV-rural2--1-no_sw,1-LV-semiurb4--1-no_sw,True,True,True,0.6001402616500855,0.0022116739085565,-0.0023001755556712,0.0149315163741509,0.0,0.0,0
462,1-LV-rural2--1-no_sw,1-LV-semiurb5--1-no_sw,True,True,True,0.8367713260650634,0.0278165269891421,-0.03315828854839,0.3389448487758636,0.0,0.0,0
463,1-LV-rural2--1-no_sw,1-LV-urban6--1-no_sw,True,True,True,0.5885721866289775,0.0022109780584772,-0.0022805345120529,0.0171907054384549,0.0,0.0,0
464,1-LV-rural2--1-no_sw,1-MV-comm--1-no_sw,True,True,True,6.644075101216634,0.0829811215400695,-0.0968588616450627,0.8161646978060404,0.0,0.0,0
465,1-LV-rural2--1-no_sw,1-MV-rural--1-no_sw,True,True,True,3.117228603363037,0.0745404411355654,-0.0798842871189117,0.7097671667734782,0.0,0.0,0
466,1-LV-rural2--1-no_sw,1-MV-semiurb--1-no_sw,True,True,True,5.350527540842692,0.1616695857048034,-0.2110893799861272,1.800843833287557,0.0,0.0,0
467,1-LV-rural2--1-no_sw,1-MV-urban--1-no_sw,True,True,True,3.2375836086273195,0.1202552728851636,-0.1370256876945495,1.3322618023554484,0.0,0.0,0
468,1-LV-rural3--1-no_sw,1-LV-rural1--1-no_sw,True,True,True,5.16082078297933,0.0090321797753373,-0.0098439830789963,0.0363123601675033,0.0,0.0,0
469,1-LV-rural3--1-no_sw,1-LV-rural2--1-no_sw,True,True,True,1.882350935935974,0.004796828230222,-0.0049539972593386,0.0479571669797102,0.0,0.0,0
470,1-LV-rural3--1-no_sw,1-LV-semiurb4--1-no_sw,True,True,True,0.6666886027654012,0.0045114042175312,-0.0047130401246249,0.0305731031298637,0.0,0.0,0
471,1-LV-rural3--1-no_sw,1-LV-semiurb5--1-no_sw,True,True,True,0.9374175111452738,0.0191173791885376,-0.0198565844198067,0.20531731625398,0.0,0.0,0
472,1-LV-rural3--1-no_sw,1-LV-urban6--1-no_sw,True,True,True,0.8025583346684774,0.0053132441019018,-0.005527030006051,0.0416406785448392,0.0,0.0,0
473,1-LV-rural3--1-no_sw,1-MV-comm--1-no_sw,True,True,True,4.696681569417318,0.0569239167869091,-0.0690574915210406,0.6082807652155559,0.0,0.0,0
474,1-LV-rural3--1-no_sw,1-MV-rural--1-no_sw,True,True,True,7.267460695902506,0.0266185494512319,-0.0286245527615149,0.2643355747063954,0.0,0.0,0
475,1-LV-rural3--1-no_sw,1-MV-semiurb--1-no_sw,True,True,True,8.278309078216553,0.0960224329431851,-0.1435240189234415,1.2490237538019815,0.0,0.0,0
476,1-LV-rural3--1-no_sw,1-MV-urban--1-no_sw,True,True,True,2.6875065676371257,0.0643076613545417,-0.0757869882384936,0.7997248140970866,0.0,0.0,0
477,1-LV-semiurb4--1-no_sw,1-LV-rural1--1-no_sw,True,True,True,10.839201685587565,0.2064219800631205,-0.2331267692645391,0.7892945075035095,0.0,0.0,0
478,1-LV-semiurb4--1-no_sw,1-LV-rural2--1-no_sw,True,True,True,1.5307182200749716,0.0110008914644519,-0.0113046354676286,0.1093493068218231,0.0,0.0,0
479,1-LV-semiurb4--1-no_sw,1-LV-rural3--1-no_sw,True,True,True,1.0080274486541747,0.0060981587072213,-0.0062212801165878,0.0697249865035216,0.0,0.0,0
480,1-LV-semiurb4--1-no_sw,1-LV-semiurb5--1-no_sw,True,True,True,1.9179195149739583,0.0081974005326628,-0.0084204303224881,0.0871221524477005,0.0,0.0,0
481,1-LV-semiurb4--1-no_sw,1-LV-urban6--1-no_sw,True,True,True,2.887737503051758,0.0077267929725348,-0.0080261883884668,0.0602005360027154,0.0,0.0,0
482,1-LV-semiurb4--1-no_sw,1-MV-comm--1-no_sw,True,True,True,2.338221232096354,0.0689222822586695,-0.080366317431132,0.6987237485249838,0.0,0.0,0
483,1-LV-semiurb4--1-no_sw,1-MV-rural--1-no_sw,True,True,True,10.15391268412272,0.016629480694731,-0.0182132515311241,0.1704591945807139,0.0,0.0,0
484,1-LV-semiurb4--1-no_sw,1-MV-semiurb--1-no_sw,True,True,True,8.790275535583497,0.0342607716222604,-0.0389775256812572,0.3788293747107188,0.0,0.0,0
485,1-LV-semiurb4--1-no_sw,1-MV-urban--1-no_sw,True,True,True,10.73448003133138,0.0541768119235833,-0.0616272417704264,0.6517481398582459,0.0,0.0,0
486,1-LV-semiurb5--1-no_sw,1-LV-rural1--1-no_sw,True,True,True,5.705091177622477,0.0037724141093591,-0.0041020490787923,0.0151353158801794,0.0,0.0,0
487,1-LV-semiurb5--1-no_sw,1-LV-rural2--1-no_sw,True,True,True,1.1313854010899862,0.0099326767648259,-0.0106622259194652,0.103229277729988,0.0,0.0,0
488,1-LV-semiurb5--1-no_sw,1-LV-rural3--1-no_sw,True,True,True,1.6903849267959594,0.0159870474785566,-0.0165114412705103,0.1830927368005117,0.0,0.0,0
489,1-LV-semiurb5--1-no_sw,1-LV-semiurb4--1-no_sw,True,True,True,0.8277766307195028,0.0042394382009903,-0.0044262256845831,0.028711512585481,0.0,0.0,0
490,1-LV-semiurb5--1-no_sw,1-LV-urban6--1-no_sw,True,True,True,1.2760317500432332,0.0064619252458214,-0.0067009475827217,0.0504058201611042,0.0,0.0,0
491,1-LV-semiurb5--1-no_sw,1-MV-comm--1-no_sw,True,True,True,7.299875736236572,0.0341280876100063,-0.0404541033009688,0.3670389652252197,0.0,0.0,0
492,1-LV-semiurb5--1-no_sw,1-MV-rural--1-no_sw,True,True,True,2.429145580927531,0.0607161702712376,-0.0649815201759338,0.5875159176190694,0.0,0.0,0
493,1-LV-semiurb5--1-no_sw,1-MV-semiurb--1-no_sw,True,True,True,8.685101572672526,0.0590710304180781,-0.0658789429068565,0.6272142124176026,0.0,0.0,0
494,1-LV-semiurb5--1-no_sw,1-MV-urban--1-no_sw,True,True,True,10.426075604756674,0.0466746779282887,-0.054814287473758,0.5652510023117066,0.0,0.0,0
495,1-LV-urban6--1-no_sw,1-LV-rural1--1-no_sw,True,True,True,36.416763916015626,0.1742947248617808,-0.2818022171656291,0.909865718682607,0.0,0.0,0
496,1-LV-urban6--1-no_sw,1-LV-rural2--1-no_sw,True,True,True,1.3244879659016926,0.0107323778172334,-0.0114953833197553,0.1112489867210388,0.0,0.0,0
497,1-LV-urban6--1-no_sw,1-LV-rural3--1-no_sw,True,True,True,1.2587485535939535,0.0066452753357589,-0.0068227475260694,0.0762260996301968,0.0,0.0,0
498,1-LV-urban6--1-no_sw,1-LV-semiurb4--1-no_sw,True,True,True,0.9175333325068156,0.0050766840142508,-0.005266689111789,0.0341562224924564,0.0,0.0,0
499,1-LV-urban6--1-no_sw,1-LV-semiurb5--1-no_sw,True,True,True,0.6366734798749288,0.0024642858809481,-0.0025243828973422,0.0261818103988965,0.0,0.0,0
500,1-LV-urban6--1-no_sw,1-MV-comm--1-no_sw,True,True,True,2.700251251856486,0.0173253328104813,-0.0200428947309652,0.1854379298289616,0.0,0.0,0
501,1-LV-urban6--1-no_sw,1-MV-rural--1-no_sw,True,True,True,3.752969051996867,0.0428464650114377,-0.0460112352669239,0.4282901608943939,0.0,0.0,0
502,1-LV-urban6--1-no_sw,1-MV-semiurb--1-no_sw,True,True,True,9.62126485188802,0.054243410428365,-0.0666162781914075,0.6358499693870544,0.0,0.0,0
503,1-LV-urban6--1-no_sw,1-MV-urban--1-no_sw,True,True,True,1.5888611062367757,0.104619594613711,-0.1396489840745925,1.415684906641642,0.0,0.0,0
504,1-MV-comm--1-no_sw,1-LV-rural1--1-no_sw,True,True,True,36.648169911702475,0.1303410311539967,-0.1522907427946726,0.5220640834172566,0.0,0.0,0
505,1-MV-comm--1-no_sw,1-LV-rural2--1-no_sw,True,True,True,7.188927459716797,0.0489189074933528,-0.0516401705145835,0.4798928205172221,0.0,0.0,0
506,1-MV-comm--1-no_sw,1-LV-rural3--1-no_sw,True,True,True,24.24477518717448,0.1014517359932263,-0.2603822294871012,1.5804894097646078,0.0,0.0,0
507,1-MV-comm--1-no_sw,1-LV-semiurb4--1-no_sw,True,True,True,4.51967332204183,0.059794116516908,-0.0633372709155082,0.3974203677972158,0.0,0.0,0
508,1-MV-comm--1-no_sw,1-LV-semiurb5--1-no_sw,True,True,True,129.44464314778645,0.0848459190130233,-0.2304790246486663,1.143575226465861,0.0,0.0,0
509,1-MV-comm--1-no_sw,1-LV-urban6--1-no_sw,True,True,True,13.045816421508787,0.0559572686751683,-0.077090203265349,0.5289574893315633,0.0,0.0,0
510,1-MV-comm--1-no_sw,1-MV-rural--1-no_sw,True,True,True,1.6367490657170614,0.0066243157784144,-0.0077623550221323,0.0683752609292666,0.0,0.0,0
511,1-MV-comm--1-no_sw,1-MV-semiurb--1-no_sw,True,True,True,1.05078005472819,0.0111474342520038,-0.0149317426482836,0.1325329828262329,0.0,0.0,0
512,1-MV-comm--1-no_sw,1-MV-urban--1-no_sw,True,True,True,1.526488863627116,0.0022960751286397,-0.0030075092582652,0.0289719496419032,0.0,0.0,0
513,1-MV-rural--1-no_sw,1-LV-rural1--1-no_sw,True,True,True,18.32556749979655,0.1327620333433151,-0.1493961016337076,0.5245401533444722,0.0,0.0,0
514,1-MV-rural--1-no_sw,1-LV-rural2--1-no_sw,True,True,True,11.483545519510905,0.0151649509370327,-0.0159326617668072,0.1508848450581232,0.0,0.0,0
515,1-MV-rural--1-no_sw,1-LV-rural3--1-no_sw,True,True,True,2.987781117757162,0.0080342904105782,-0.0084602774182955,0.0937401023507118,0.0,0.0,0
516,1-MV-rural--1-no_sw,1-LV-semiurb4--1-no_sw,True,True,True,3.3906297715504965,0.0224899924298127,-0.0238596954445044,0.1529233717918396,0.0,0.0,0
517,1-MV-rural--1-no_sw,1-LV-semiurb5--1-no_sw,True,True,True,2.8314380423227945,0.0486458521584669,-0.0506012401481469,0.5044056550661723,0.0,0.0,0
518,1-MV-rural--1-no_sw,1-LV-urban6--1-no_sw,True,True,True,5.190676987965902,0.0847537258267402,-0.0893193882703781,0.6300361998875936,0.0,0.0,0
519,1-MV-rural--1-no_sw,1-MV-comm--1-no_sw,True,True,True,2.3374696286519367,0.0749030788739522,-0.0901072253783543,0.750047660668691,0.0,0.0,0
520,1-MV-rural--1-no_sw,1-MV-semiurb--1-no_sw,True,True,True,2.319937604268392,0.0616503670811653,-0.0738135106364886,0.6603847964604695,0.0,0.0,0
521,1-MV-rural--1-no_sw,1-MV-urban--1-no_sw,True,True,True,0.8310029586156209,0.0123815551276008,-0.0152201704929272,0.1559326577186584,0.0,0.0,0
522,1-MV-semiurb--1-no_sw,1-LV-rural1--1-no_sw,True,True,True,13.97454392751058,0.1709411168098449,-0.1967210870981216,0.6749327429135641,0.0,0.0,0
523,1-MV-semiurb--1-no_sw,1-LV-rural2--1-no_sw,True,True,True,8.693746770222981,0.0762235880891482,-0.0804278215765953,0.7166205104192098,0.0,0.0,0
524,1-MV-semiurb--1-no_sw,1-LV-rural3--1-no_sw,True,True,True,4.004859193166097,0.0459370838105678,-0.0477677091956138,0.5105201530456543,0.0,0.0,0
525,1-MV-semiurb--1-no_sw,1-LV-semiurb4--1-no_sw,True,True,True,16.568409601847332,0.1207809471090634,-0.2125886903206507,1.1063076321283976,0.0,0.0,0
526,1-MV-semiurb--1-no_sw,1-LV-semiurb5--1-no_sw,True,True,True,3.3068222522735597,0.0740712968508402,-0.0769118785858154,0.7360262433687846,0.0,0.0,0
527,1-MV-semiurb--1-no_sw,1-LV-urban6--1-no_sw,True,True,True,5.28343822479248,0.0940038259824117,-0.0991981749733289,0.6914899611473083,0.0,0.0,0
528,1-MV-semiurb--1-no_sw,1-MV-comm--1-no_sw,True,True,True,1.1929852390289306,0.0115835763762394,-0.0152136585240562,0.1322104366620381,0.0,0.0,0
529,1-MV-semiurb--1-no_sw,1-MV-rural--1-no_sw,True,True,True,0.6792990867296854,0.0041760012134909,-0.004819653617839,0.0426883297165234,0.0,0.0,0
530,1-MV-semiurb--1-no_sw,1-MV-urban--1-no_sw,True,True,True,1.75341605981191,0.0036946165002882,-0.0049007576641937,0.0464699274798234,0.0,0.0,0
531,1-MV-urban--1-no_sw,1-LV-rural1--1-no_sw,True,True,True,220.84508565266927,0.2360536154111226,-0.5543761603037516,1.2332919136683147,0.0,0.0,0
532,1-MV-urban--1-no_sw,1-LV-rural2--1-no_sw,True,True,True,2.6188553110758463,0.0250332247962554,-0.0257013055930535,0.2467430979013443,0.0,0.0,0
533,1-MV-urban--1-no_sw,1-LV-rural3--1-no_sw,True,True,True,28.79528124491374,0.0483867879708608,-0.0758331162730852,0.6992303101221721,0.0,0.0,0
534,1-MV-urban--1-no_sw,1-LV-semiurb4--1-no_sw,True,True,True,4.080805130004883,0.094034660855929,-0.0992434282104174,0.6093558796246846,0.0,0.0,0
535,1-MV-urban--1-no_sw,1-LV-semiurb5--1-no_sw,True,True,True,3.3181712500254315,0.0029408831832309,-0.0030513774013767,0.0313213662803173,0.0,0.0,0
536,1-MV-urban--1-no_sw,1-LV-urban6--1-no_sw,True,True,True,3.9995334815979,0.0871025629838307,-0.0914042350649833,0.6461615880330404,0.0,0.0,0
537,1-MV-urban--1-no_sw,1-MV-comm--1-no_sw,True,True,True,0.8205799738566081,0.0077401260721186,-0.0099933657050132,0.0863854334751764,0.0,0.0,0
538,1-MV-urban--1-no_sw,1-MV-rural--1-no_sw,True,True,True,1.309811749458313,0.0075970537215471,-0.0089924317225813,0.0798787506421407,0.0,0.0,0
539,1-MV-urban--1-no_sw,1-MV-semiurb--1-no_sw,True,True,True,1.6011071650187174,0.0140436364586154,-0.0192263188958168,0.1635564720630645,0.0,0.0,0
